id,name,abbrevName,date,startTime,endTime,description,location,capacity
2,"Fredericksburg Nationals Concession Stand",FredNats,5/4/2023,17:00,22:00,"You will work in the concession stand. Details to follow.","Fred Nats Stadium",7
3,"Training at Katherine Middle School","Trng KMS",5/3/2023,7:20,15:00,"ALl day training at middle school.","123 abc street",10
4,"Fredericksburg Nationals Concession Stand",FredNats,5/18/2023,17:00,21:30,"Volunteer with Gwyneth's Gift Foundation at the FredNats concession stand. Meet other volunteers and supporters of our organization. All while supporting a great cause!                                                                  You must complete the training in order to volunteer.                                                                   Uniform Requirements: Khaki or dark navy pants, non slip shoes, and a GGF provided shirt and cap.","Fred Nats Stadium",10
5,"Fredericksburg Nationals Concession Stand","Fred Nats",6/1/2023,17:00,21:30,"Volunteer with Gwyneth's Gift Foundation at the Fredericksburg Nationals concession stand!  Meet other volunteers and supporters of our organization all while supporting a great cause!  You must complete the training in order to volunteer.  Uniform requirements:  Khaki or dark navy pants, non slip shoes, and a GGF provided shirt and cap.","Fredericksburg Nationals Baseball Stadium",10
6,"Fredericksburg Nationals Concession Stand","Fred Nats",6/8/2023,17:00,21:30,"Volunteer with Gwyneth's Gift Foundation at the Fredericksburg Nationals concession stand! Meet other volunteers and supporters of our organization all while supporting a great cause! You must complete the training in order to volunteer. Uniform requirements: Khaki or dark navy pants, non slip shoes, and a GGF provided shirt and cap.","Fredericksburg Nationals Baseball Stadium",10
7,"Fredericksburg Nationals Concession Stand","Fred Nats",6/29/2023,17:00,21:30,"Volunteer with Gwyneth's Gift Foundation at the Fredericksburg Nationals concession stand! Meet other volunteers and supporters of our organization all while supporting a great cause! You must complete the training in order to volunteer. Uniform requirements: Khaki or dark navy pants, non slip shoes, and a GGF provided shirt and cap.","Fredericksburg Nationals Baseball Stadium",10
8,"Fredericksburg Nationals Concession Stand","Fred Nats",7/27/2023,17:00,21:30,"Volunteer with Gwyneth's Gift Foundation at the Fredericksburg Nationals concession stand! Meet other volunteers and supporters of our organization all while supporting a great cause! You must complete the training in order to volunteer. Uniform requirements: Khaki or dark navy pants, non slip shoes, and a GGF provided shirt and cap.","Fredericksburg Nationals Baseball Stadium",10
9,"Fredericksburg Nationals Concession Stand","Fred Nats",8/3/2023,17:00,21:30,"Volunteer with Gwyneth's Gift Foundation at the Fredericksburg Nationals concession stand! Meet other volunteers and supporters of our organization all while supporting a great cause! You must complete the training in order to volunteer. Uniform requirements: Khaki or dark navy pants, non slip shoes, and a GGF provided shirt and cap.","Fredericksburg Nationals Baseball Stadium",10
10,"Fredericksburg Nationals Concession Stand","Fred Nats",8/17/2023,17:00,21:30,"Volunteer with Gwyneth's Gift Foundation at the Fredericksburg Nationals concession stand! Meet other volunteers and supporters of our organization all while supporting a great cause! You must complete the training in order to volunteer. Uniform requirements: Khaki or dark navy pants, non slip shoes, and a GGF provided shirt and cap.","Fredericksburg Nationals Baseball Stadium",10
11,"Fredericksburg Nationals Concession Stand","Fred Nats",8/31/2023,17:00,21:30,"Volunteer with Gwyneth's Gift Foundation at the Fredericksburg Nationals concession stand! Meet other volunteers and supporters of our organization all while supporting a great cause! You must complete the training in order to volunteer. Uniform requirements: Khaki or dark navy pants, non slip shoes, and a GGF provided shirt and cap.","Fredericksburg Nationals Baseball Stadium",10
12,"CPR Training, YMCA Power Scholars Camp","CPR Train.",6/21/2023,12:30,15:00,"The Gwyneth's Gift Foundation will lead CPR and AED Training for YMCA Power Scholars campers.",TBA,2
13,"CPR Training, YMCA Power Scholars Camp","CPR Train.",6/26/2023,12:30,15:00,"The Gwyneth's Gift Foundation will lead CPR and AED Training for YMCA Power Scholars campers.",TBA,2
14,"CPR Training, Volvo Huber Motors","CPR Train.",7/12/2023,9:00,12:00,"The Gwyneth's Gift Foundation will lead CPR and AED Training for the team at Volvo Huber Motors.",TBA,2
15,"CPR Training, iDX corporation - Fredericksburg","CPR Train.",7/13/2023,11:30,13:30,"The Gwyneth's Gift Foundation will lead CPR and AED Training for team members at iDX corporation - Fredericksburg.",TBA,2
16,"CPR Training, iDX corporation - Fredericksburg","CPR Train.",7/19/2023,11:30,13:30,"The Gwyneth's Gift Foundation will lead CPR and AED Training for team members at iDX corporation - Fredericksburg.",TBA,2
17,"CPR Training, iDX corporation - Fredericksburg","CPR Train.",7/20/2023,11:30,13:30,"The Gwyneth's Gift Foundation will lead CPR and AED Training for team members at iDX corporation - Fredericksburg.",TBA,2
18,"CPR Training, Fredericksburg Pickleball Community","CPR Train.",7/26/2023,9:00,11:00,"The Gwyneth's Gift Foundation will lead CPR and AED Training for members of the Fredericksburg Pickleball community.","Fredericksburg Library Downtown",2
19,"VDOT Golf Tournament","VDOT Golf",9/8/2023,7:00,15:00,"Golf Tournament to benefit Gwyneth's Gift at Meadows Farm Golf Course                                                  Duties include: Registration, Hole Volunteer, Food Volunteer, Raffle Volunteer, Guest Volunteer, Floater, and Golf Cart Volunteers.    Registration opens at 8am. Shotgun at 9am. ALL VOLUNTEERS must be at location by 7am.","4300 Flat Run Rd, Locust Grove, VA 22508",15
20,"Whiskey Business 2023","WB EVNT 23",9/22/2023,16:00,23:00,"Whiskey Business is Gwyneth's Gift's Foundations Signature Event. This event takes place at the Old Silk Mill in FXBG.  Duties include: Registration, Silent Auction Volunteer, Food Volunteer, Raffle Volunteer, Guest Volunteer, Floater, and Entertainment Volunteers. Early Access opens at 6pm. General Admission opens at 7pm. ALL VOLUNTEERS must be at location by 4pm.","1707 Princess Anne St, Fredericksburg, VA 22401",15
21,"Whiskey Business 2023 Set Up","WB 23 SetUp",9/21/2023,9:15,12:15,"Whiskey Business is Gwyneth's Gift's Foundations Signature Event.  We need volunteers to help set up for the event the day prior. This is a great way to do something great for the community but also a way to network with other philanthropist! The event will take place at the Old Silk Mill in FXBG on Sept. 22. Duties for the setup include: setting up decor, tables, linen, silent auction tables, marketing signs, furniture, centerpieces, etc.","1707 Princess Anne St, Fredericksburg, VA 22401",20
22,"Whiskey Business 2023 Set Up- Event Day","WB Setup",9/22/2023,9:15,14:00,"Whiskey Business is Gwyneth's Gift's Foundations Signature Event.  We need volunteers to help with any finishing touches that did not get finalized the day prior. THIS IS NOT THE VOLUNTEER ROSTER FOR THE ACTUAL EVENT TIME IN THE EVENING. IF you want to do both, you can you just need to sign up for both. LUNCH will be provided.","1707 Princess Anne St, Fredericksburg, VA 22401",10
24,"CPR Training - Stafford Soccer","CPR Train.",10/24/2023,17:00,19:30,"The Gwyneth's Gift Foundation will lead CPR and AED Training for Stafford Soccer Teams and Participants.","Embrey Mill Fields near the playground, 1600 Mine Rd., Stafford, VA 22554",3
25,"GGF Intern Onboarding","GGF I.O.",11/14/2023,14:30,16:30,"Onboarding for our new GGF Intern!","2217 Princess Anne St #101, Fredericksburg, VA 22401",1
26,"GGF Intern Onboarding","GGF I.O.",11/15/2023,12:30,14:30,"Onboarding for our new GGF Intern!","2217 Princess Anne St #101, Fredericksburg, VA 22401",1
27,"Hands-only CPR Training at Hollywood Church of the Brethren","CPR Train.",12/5/2023,18:00,19:30,"The Gwyneth's Gift Foundation will lead CPR and AED Training for Church members at Hollywood Church of the Brethren.","Hollywood Church of the Brethren",1
28,"Hands-only CPR Training at Guadelupe Free Clinic - Colonial Beach","CPR Train.",12/12/2023,13:00,14:30,"The Gwyneth's Gift Foundation will lead CPR and AED Training for the Guadelupe Free Clinic - Colonial Beach.","Guadelupe Free Clinic",1
29,"Mom Prom 2024 Diamonds Are A Girls Best Friend - Set Up ONLY","Mom Prom",4/13/2024,9:00,13:00,"Mom Prom is one of our biggest fundraisers of the year. We need volunteers to assist with the set-up of the event from 9-1:00pm. Volunteer needs are: moving tables, helping with decor, helping set-up the raffle and silent auction area.  Contact number (540) 681-1632","Stevenson Ridge, : 6901 Meeting Street, Spotsylvania, Virginia 22553",15
30,"Training at Longfellow Middle School",Training,2/20/2024,7:30,14:30,"The staff of GGF will need assistance with ensuring students are engaged and properly following instructions. Help readjusting equipment for the training in between sesions. This training is a full day. If you are only able to help for a certain period of time, please let us know. You will need to bring a state ID when you check into the school.","Longfellow Middle School 2000 Westmoreland St, Falls Church, VA 22043",5
31,"Training at Longfellow Middle School",Training,2/21/2024,7:30,14:30,"The staff of GGF will need assistance with ensuring students are engaged and properly following instructions. Help readjusting equipment for the training in between sesions. This training is a full day. If you are only able to help for a certain period of time, please let us know. You will need to bring a state ID when you check into the school.","Longfellow Middle School 2000 Westmoreland St, Falls Church, VA 22043",5
32,"FredNats Concession Stand -VOLUNTEERS NEEDED",FredNats,4/25/2024,17:30,22:00,"Gwyneth's Gift Foundation needs volunteers to help us with a concession stand at the FredNats Home Games on Thursday's. We run the concession stand which includes ringing up food and beverages. A percentage of the food sales and tips goes back to our organization. This is a fantastic fundraiser for us that is fun while supporting our cause.  We need at least 6 volunteers for each game. The more volunteers we have the more opportunities we have to have shifts. You can be 16 and over with parent consent.                          Volunteers will have to take a training via video and complete a volunteer acknowledgement form to participate.                                                              Attire: Khaki pants or shorts, nonslip/comfortable shoes, a GGF shirt (We will provide), and a GGF Hat (We will provide).","FredNats Baseball Stadium, 42 Jackie Robinson Way, FXBG, VA 22401",12
33,"Mother's Day Run - Participate NOT VOLUNTEER. 1 Mile, 5K, and 10K to benefit Gwyneth's Gift Foundation",Run/Walk,5/12/2024,7:30,11:00,"A race/walk to benefit Gwyneth's Gift Foundation through Bishop Events. To register for the race, go to: https://register.chronotrack.com/r/74986","Old Mill Park (2410 Caroline Street, Fredericksburg, VA 22401)",10
35,"Training: Dare Day at Pratt Park",Training,5/21/2024,7:30,12:00,"Dare Day is for Stafford County Public School 5th graders to come and visit with all the vendors/booths. It is to celebrate the success and commitment of their young 5th graders who had pledged to stay drug and violence free.  The staff of GGF will have 2 booths set up to train any of the children that come by on Hands-Only CPR.  We need volunteers to help with registration, student crowd control in within the GGF Booths, and an extra set off hands for set up and breakdown. THERE IS NO TRAINING REQUIRED TO ASSIST WITH THIS EVENT.","Pratt Park - Meet in the soccer field. We are booth 26 in the map attached. You will see our blue tent with our logo.",5
36,"FredNats Concession Stand -VOLUNTEERS NEEDED",FredNats,5/23/2024,17:30,21:30,"Gwyneth's Gift Foundation needs volunteers to help us with a concession stand at the FredNats Home Games on Thursday's. We run the concession stand which includes ringing up food and beverages. A percentage of the food sales and tips goes back to our organization. This is a fantastic fundraiser for us that is fun while supporting our cause.  We need at least 6 volunteers for each game. The more we have the more opportunities to have shifts. You can be 16 and over with parent consent.                          Volunteers will have to review the Volunteer Acknowledgment Form watch a short training presentation. Upon completion, please print out the certificate and email it to veronica@gwynethsgift.org. For questions contact the POC: Veronica at (540)693-0465.                                                            Attire: Khaki pants or shorts, nonslip/comfortable shoes, a GGF shirt (We will provide), and a GGF Hat (We will provide).","FredNats Baseball Stadium, 42 Jackie Robinson Way, FXBG, VA 22401",7
37,HeartStrides,Walk,5/28/2024,12:00,13:00,"Every month our organization is hosting a walk around the Canal Path starting at the Old Mill Park. This is a 3 mile walk around the path to promote Health &amp; Wellness. Stay tuned on our social media channels to find out of any special talks or guests. We will meet at the Corner of Germania St. and Caroline Street. If you sign up to walk below, it will allow us to know how many walkers to anticiapate!","Old Mill Park (2410 Caroline Street, Fredericksburg, VA 22401)",15
38,"Training: Katherine John Middle School - NOVA",Training,5/29/2024,7:30,14:30,"The staff of GGF will need assistance with ensuring students are engaged and properly following instructions. Help readjusting equipment for the training in between sesions. This training is a full day. If you are only able to help for a certain period of time, please let us know. You will need to bring a state ID when you check into the school.","3801 Jermantown Rd, Fairfax, VA 22030",3
39,"Training: Katherine John Middle School - NOVA",Training,5/30/2024,7:30,14:30,"The staff of GGF will need assistance with ensuring students are engaged and properly following instructions. Help readjusting equipment for the training in between sesions. This training is a full day. If you are only able to help for a certain period of time, please let us know. You will need to bring a state ID when you check into the school.","3801 Jermantown Rd, Fairfax, VA 22030",3
40,"Awareness Event: Rouse Rally Pickleball Tournament at UMW Tennis Center",Awareness,6/1/2024,10:00,15:00,"The annual Rouse Rally will be taking place at the UMW Tennis Center. This full day long activity will benefit Gwyneth's Gift Foundation. We need a few volunteers to help set up, registration, and breakdown.","1200 Hanover St, Fredericksburg, VA 22401",3
42,"Training: Junior Deputies Stafford County",Training,6/4/2024,12:00,13:00,"The staff of GGF will need assistance with ensuring students are engaged and properly following instructions. Help readjusting equipment for the training in between sesions. This training is a full day. If you are only able to help for a certain period of time, please let us know. You will need to bring a state ID when you check into the school.","1225 Courthouse Rd., Stafford VA 22554",3
43,"Training: Junior Deputies Stafford County",Training,6/11/2024,12:00,13:00,"The staff of GGF will need assistance with ensuring students are engaged and properly following instructions. Help readjusting equipment for the training in between sesions. This training is a full day. If you are only able to help for a certain period of time, please let us know. You will need to bring a state ID when you check into the school.","1225 Courthouse Rd., Stafford VA 22554",3
44,"FredNats Concession Stand -VOLUNTEERS NEEDED",FredNats,6/6/2024,17:30,21:30,"Gwyneth's Gift Foundation needs volunteers to help us with a concession stand at the FredNats Home Games on Thursday's. We run the concession stand which includes ringing up food and beverages. A percentage of the food sales and tips goes back to our organization. This is a fantastic fundraiser for us that is fun while supporting our cause.  We need at least 6 volunteers for each game. The more we have the more opportunities to have shifts. You can be 16 and over with parent consent.                          Volunteers will have to take a training via video and complete a volunteer acknowledgement form to participate.                                                              Attire: Khaki pants or shorts, nonslip/comfortable shoes, a GGF shirt (We will provide), and a GGF Hat (We will provide).","FredNats Baseball Stadium, 42 Jackie Robinson Way, FXBG, VA 22401",7
45,"FredNats Concession Stand -VOLUNTEERS NEEDED",FredNats,6/20/2024,17:30,21:30,"Gwyneth's Gift Foundation needs volunteers to help us with a concession stand at the FredNats Home Games on Thursday's. We run the concession stand which includes ringing up food and beverages. A percentage of the food sales and tips goes back to our organization. This is a fantastic fundraiser for us that is fun while supporting our cause.  We need at least 6 volunteers for each game. The more we have the more opportunities to have shifts. You can be 16 and over with parent consent.                          Volunteers will have to take a training via video and complete a volunteer acknowledgement form to participate.                                                              Attire: Khaki pants or shorts, nonslip/comfortable shoes, a GGF shirt (We will provide), and a GGF Hat (We will provide).","FredNats Baseball Stadium, 42 Jackie Robinson Way, FXBG, VA 22401",7
46,"Training: Widewater Elementary",Training,6/27/2024,12:30,14:30,"The staff of GGF will need assistance with set up, ensuring students are engaged and properly following instructions, and breakdown. You will need to bring a state ID when you check into the school.","101 Den Rich Rd, Stafford, VA 22554 ·",3
47,"Training: Conway Elementary School",Training,7/3/2024,12:30,14:30,"The staff of GGF will need assistance with set up, ensuring students are engaged and properly following instructions, and breakdown. You will need to bring a state ID when you check into the school.","105 Primmer House Rd, Fredericksburg, VA 22405",3
48,"FredNats Concession Stand -VOLUNTEERS NEEDED",FredNats,7/11/2024,17:30,21:30,"Gwyneth's Gift Foundation needs volunteers to help us with a concession stand at the FredNats Home Games on Thursday's. We run the concession stand which includes ringing up food and beverages. A percentage of the food sales and tips goes back to our organization. This is a fantastic fundraiser for us that is fun while supporting our cause.  We need at least 6 volunteers for each game. The more we have the more opportunities to have shifts. You can be 16 and over with parent consent.                          Volunteers will have to take a training via video and complete a volunteer acknowledgement form to participate.                                                              Attire: Khaki pants or shorts, nonslip/comfortable shoes, a GGF shirt (We will provide), and a GGF Hat (We will provide).","FredNats Baseball Stadium, 42 Jackie Robinson Way, FXBG, VA 22401",7
49,"FredNats Concession Stand -VOLUNTEERS NEEDED",FredNats,7/25/2024,17:30,21:30,"Gwyneth's Gift Foundation needs volunteers to help us with a concession stand at the FredNats Home Games on Thursday's. We run the concession stand which includes ringing up food and beverages. A percentage of the food sales and tips goes back to our organization. This is a fantastic fundraiser for us that is fun while supporting our cause.  We need at least 6 volunteers for each game. The more we have the more opportunities to have shifts. You can be 16 and over with parent consent.                          Volunteers will have to take a training via video and complete a volunteer acknowledgement form to participate.                                                              Attire: Khaki pants or shorts, nonslip/comfortable shoes, a GGF shirt (We will provide), and a GGF Hat (We will provide).","FredNats Baseball Stadium, 42 Jackie Robinson Way, FXBG, VA 22401",7
50,"FredNats Concession Stand -VOLUNTEERS NEEDED",FredNats,8/8/2024,17:30,21:30,"Gwyneth's Gift Foundation needs volunteers to help us with a concession stand at the FredNats Home Games on Thursday's. We run the concession stand which includes ringing up food and beverages. A percentage of the food sales and tips goes back to our organization. This is a fantastic fundraiser for us that is fun while supporting our cause.  We need at least 6 volunteers for each game. The more we have the more opportunities to have shifts. You can be 16 and over with parent consent.                          Volunteers will have to take a training via video and complete a volunteer acknowledgement form to participate.                                                              Attire: Khaki pants or shorts, nonslip/comfortable shoes, a GGF shirt (We will provide), and a GGF Hat (We will provide).","FredNats Baseball Stadium, 42 Jackie Robinson Way, FXBG, VA 22401",7
51,"FredNats Concession Stand -VOLUNTEERS NEEDED",FredNats,8/15/2024,17:30,21:30,"Gwyneth&#039;s Gift Foundation needs volunteers to help us with a concession stand at the FredNats Home Games on Thursday&#039;s. We run the concession stand which includes ringing up food and beverages. A percentage of the food sales and tips goes back to our organization. This is a fantastic fundraiser for us that is fun while supporting our cause.  We need at least 6 volunteers for each game. The more we have the more opportunities to have shifts. You can be 16 and over with parent consent.                          Volunteers will have to take a training via video and complete a volunteer acknowledgement form to participate.                                                              Attire: Khaki pants or shorts, nonslip/comfortable shoes, a GGF shirt (We will provide), and a GGF Hat (We will provide).","FredNats Baseball Stadium, 42 Jackie Robinson Way, FXBG, VA 22401",9
52,"FredNats Concession Stand -VOLUNTEERS NEEDED",FredNats,9/5/2024,17:30,21:30,"Gwyneth's Gift Foundation needs volunteers to help us with a concession stand at the FredNats Home Games on Thursday's. We run the concession stand which includes ringing up food and beverages. A percentage of the food sales and tips goes back to our organization. This is a fantastic fundraiser for us that is fun while supporting our cause.  We need at least 6 volunteers for each game. The more we have the more opportunities to have shifts. You can be 16 and over with parent consent.                          Volunteers will have to take a training via video and complete a volunteer acknowledgement form to participate.                                                              Attire: Khaki pants or shorts, nonslip/comfortable shoes, a GGF shirt (We will provide), and a GGF Hat (We will provide).","FredNats Baseball Stadium, 42 Jackie Robinson Way, FXBG, VA 22401",7
53,"Whiskey Business: Northern Nights - SET UP HELP ONLY",WBSetUp,9/20/2024,9:00,14:00,"We will need assistance with final set up hours before the event in the evening. Ensuring that all decor and set up is complete. Any last minute items are finalized. Help with any pick-ups from vendors in the area. More information will be emailed to anyone that signs up as the weeks leading up to the event    *******IMPORTANT****** if you would like to volunteer for the evening of the event, you will need to sign up for that as well. Go Back to the calendar and sign up for the job you are interested. Slots are limited.","1707 Princess Anne Street Fredericksburg, VA 22401",6
54,"Whiskey Business: Northern Nights - VIP and GENERAL ADMISSION REGISTRATION VOLUNTEERS ONLY",WBRegistrat,9/20/2024,16:00,22:00,"We will need 5 that are 21 and over volunteers to assist with welcoming and checking off guest from our lists of attendees. Details are still being determined. You will need to be there by 4:00 pm to receive all the important details to date. Our VIP guests will arrive 15 minutes prior to the 6:00 PM start time. It will be imperative that we are all set up and ready to go. Snacks and dinner will be available for all volunteers.  There will be a meeting in-person/ZOOM that will be required for you to attend to ensure you are prepared for that night. Attire is business attire with comfortable shoes. You must be able to stand for long periods of time.","1707 Princess Anne Street Fredericksburg, VA 22401",6
55,"Whiskey Business: Northern Nights - Silent Auction Volunteers ONLY",WBSilentAuc,9/20/2024,17:00,22:00,"We will need 6  volunteers  that are 21 and over that will be comfortable with engaging with guests throughout the night looking at the silent auction items. You will help encourage our guests to bid on the items displayed. You will help collect information and secure payment for any of the winning bidders. If you love sales this is the job for you!  There will be a meeting in-person/ZOOM that will be required for you to attend to ensure you are prepared for that night. Attire is business attire with comfortable shoes. You must be able to stand for long periods of time.","1707 Princess Anne Street Fredericksburg, VA 22401",6
56,"Whiskey Business: Northern Nights - VIP/ Copper Room Area ONLY",WBVip,9/20/2024,17:00,22:00,"We will need 2 volunteers that are 21 and over that will be comfortable with engaging with guests throughout the night, ensuring that the vendors in these areas have what they need.  There will be a meeting in-person/ZOOM that will be required for you to attend to ensure you are prepared for that night. Attire is business attire with comfortable shoes. You must be able to stand for long periods of time.","1707 Princess Anne Street Fredericksburg, VA 22401",2
57,"Whiskey Business: Northern Nights -Set UP ONLY",WBSetUp,9/19/2024,9:00,16:00,"We will need volunteers throughout the day helping set up the venue. This will include heavy lifting, decor, staging, help with pick ups, sorting, and other misc. task. We welcome volunteers to come for a couple of hours of the full day. We appreciate all the help, and we will provide snacks and lunch.","1707 Princess Anne Street Fredericksburg, VA 22401",20
58,"Caroline County Fire &amp;amp; Rescue Camp Training",Training,7/10/2024,9:30,11:30,"The staff of GGF will need assistance with set up, ensuring students are engaged and properly following instructions, and breakdown.","9344 Stonewall Jackson Road, Woodford, VA 22580",2
59,"Golf Tournament at Meadows Farms","Golf Tourn.",10/21/2024,8:00,16:00,"Various volunteer opportunities are available at this full day fundraising event. Positions/duties include: Running the registration table, selling raffle tickets and mulligans, supervising hole competitions, coordinating awards ceremony, set-up/breakdown of breakfast and lunch, and general floating assistance. Food will be provided. All volunteers must attend (either in-person or virtually) a volunteer prep meeting before the event.","4300 Flat Run Rd, Locust Grove, VA 22508",15
60,"Pure Barre FXBG",Training,11/3/2024,18:30,20:30,"The staff of GGF will need assistance with set up, ensuring students are engaged and properly following instructions, and breakdown.","1460 Central Park Blvd Ste 102, Fredericksburg, VA 22401",1
61,"Answer Church of God in Christ",Training,11/4/2024,9:30,11:30,"The staff of GGF will need assistance with set up, ensuring students are engaged and properly following instructions, and breakdown.","104 Caisson Rd, Fredericksburg, VA 22405",1
63,"Office Help - Ryan Lawrence (ONLY)",Honor,9/9/2024,14:00,15:30,"Ryan is earning credit/hours for volunteering at our offices for his honor program at UMW","2217 Princess Anne St.",1
64,"National Night Out","Ntl Night",10/1/2024,16:30,20:00,"National Night Out is a FREE community event were anyone can come and engage with local law enforcement and discover other organizations that provide services to the community. We will be providing information on our CPR and AED training and training anyone that would like to receive this training at the event. We NEED TWO (2) volunteers to help us get people registered while we train.","Stafford Market Place by the Home Goods Parking Lot",2
65,"Zion Presbyterian",Training,11/16/2024,10:00,11:30,"Hands-Only CPR &amp;amp;amp;amp; Training at Zion. Volunteers will be needed to set up manikins and kneeling pads. The duration of the training will be an hour. We will need volunteers to also help break down.                                                      What to wear: comfortable pants or shorts. You will be provided a volunteer shirt. No Open toed shoes.","410 Deacon Rd. Fredericksburg, VA 22405",2
66,"FREE CPR &amp; AED Training",CPR,11/30/2024,10:00,13:00,"Free CERTIFIED CPR &amp; AED training. This includes infant training. Class will begin promptly at 10:00 AM and end at 12:00 PM. Water and light snacks will be provided. You MUST Register to be in attendance.","2217 Princess Anne St. Suite 101, Fredericksburg, VA 22401",20
67,"THANK YOU PARTY",PARTY,12/5/2024,17:00,19:00,"This is our annual Thank You Party where we get the opportunity to say thank you to our volunteers, donors, and continued supporters. We will have festive heavy apps and drinks, award one volunteer for their outstanding service for the year, award for outstanding organization, and much more! Let us say thank you to all of you for that you do for our organization. Have the opportunity to network with other influential leaders in the community and meet your other fellow volunteers. Let&#039;s grow our network together.                              YOU MUST RSVP by Dec 1st. You can add your name below or text me at 562-400-2637.","2217 Princess Anne St. Suite 101, Fredericksburg, VA 22401",20
69,"Faith Madding NOVA Training in Fairfax VA",Training,2/8/2025,11:00,12:30,"Hands-Only CPR Training provided to guest of Keller Williams Realty in Fairfax, VA. Location is TBD. Set up time will start at 9:30am, with training starting at 10am-11pm. We will be out by 12pm. Snacks will be provided.  Volunteers will be needed to set up manikins and kneeling pads. The duration of the training will be an hour. We will need volunteers to also help break down.                                                      What to wear: comfortable pants or shorts. You will be provided a volunteer shirt. No Open toed shoes.","TBD - Will be in Fairfax, VA (You can drive up by yourself or you can drive up with one of the GGF Staff)",2
70,"Middle School Training: Longfellow Middle School",Training,3/13/2025,7:30,14:30,"This training will be in Northern Virigina at Longfellow Middle School. The staff of GGF will need assistance with ensuring students are engaged and properly following instructions. Help readjusting equipment for the training in between sesions. This training is a full day. If you are only able to help for a certain period of time, please let us know. You will need to bring a state ID when you check into the school.","Longfellow Middle School 2000 Westmoreland St, Falls Church, VA 22043",10
71,"Middle School Training: Longfellow Middle School",Training,3/14/2025,7:30,14:30,"This training will be in Northern Virigina at Longfellow Middle School. The staff of GGF will need assistance with ensuring students are engaged and properly following instructions. Help readjusting equipment for the training in between sesions. This training is a full day. If you are only able to help for a certain period of time, please let us know. You will need to bring a state ID when you check into the school.","Longfellow Middle School 2000 Westmoreland St, Falls Church, VA 22043",10
72,"Keller Williams Training in Alexandria",Training,2/22/2025,13:00,15:00,"Hands-Only CPR &amp; Training. Volunteers will be needed to set up manikins and kneeling pads. A volunteer will be stationed at the registration tables upon sign in and make sure throughout the training that every participant has registered. Volunteers may be asked to take pictures, help with hand placements during CPR and anything else that is needed. The duration of the training will be an hour. We will need volunteers to also help break down. What to wear: comfortable pants or shorts. You will be provided a volunteer shirt. No Open toed shoes. This training will be in DC","TBD - Will be in Alexandria (You can drive up by yourself or you can drive up with one of the GGF Staff)",2
73,"Fredericksburg Nationals",FredNats,4/10/2025,17:30,21:30,"Gwyneth&#039;s Gift Foundation needs volunteers to help us with a concession stand at the FredNats Home Games on Thursday&#039;s. We run the concession stand which includes ringing up food and beverages. A percentage of the food sales and tips goes back to our organization. This is a fantastic fundraiser for us that is fun while supporting our cause. We need at least 6 volunteers for each game. The more we have the more opportunities to have shifts. You can be 16 and over with parent consent. Volunteers will have to take a training via video and complete a volunteer acknowledgement form to participate. Attire: Khaki pants or shorts, nonslip/comfortable shoes, a GGF shirt (We will provide), and a GGF Hat (We will provide).","FredNats Baseball Stadium, 42 Jackie Robinson Way, FXBG, VA 22401",8
74,"Fredericksburg Nationals",FredNats,4/24/2025,17:30,21:30,"Gwyneth&amp;#039;s Gift Foundation needs volunteers to help us with a concession stand at the FredNats Home Games on Thursday&amp;#039;s. We run the concession stand which includes ringing up food and beverages. A percentage of the food sales and tips goes back to our organization. This is a fantastic fundraiser for us that is fun while supporting our cause. We need at least 6 volunteers for each game. The more we have the more opportunities to have shifts. You can be 16 and over with parent consent. Volunteers will have to take a training via video and complete a volunteer acknowledgement form to participate. Attire: Khaki pants or shorts, nonslip/comfortable shoes, a GGF shirt (We will provide), and a GGF Hat (We will provide).","FredNats Baseball Stadium, 42 Jackie Robinson Way, FXBG, VA 22401",9
75,"Fredericksburg Nationals",FredNats,5/8/2025,17:30,21:30,"Gwyneth&#039;s Gift Foundation needs volunteers to help us with a concession stand at the FredNats Home Games on Thursday&#039;s. We run the concession stand which includes ringing up food and beverages. A percentage of the food sales and tips goes back to our organization. This is a fantastic fundraiser for us that is fun while supporting our cause. We need at least 6 volunteers for each game. The more we have the more opportunities to have shifts. You can be 16 and over with parent consent. Volunteers will have to take a training via video and complete a volunteer acknowledgement form to participate. Attire: Khaki pants or shorts, nonslip/comfortable shoes, a GGF shirt (We will provide), and a GGF Hat (We will provide).","FredNats Baseball Stadium, 42 Jackie Robinson Way, FXBG, VA 22401",8
76,"Fredericksburg Nationals",FredNats,5/22/2025,17:30,21:30,"Gwyneth&#039;s Gift Foundation needs volunteers to help us with a concession stand at the FredNats Home Games on Thursday&#039;s. We run the concession stand which includes ringing up food and beverages. A percentage of the food sales and tips goes back to our organization. This is a fantastic fundraiser for us that is fun while supporting our cause. We need at least 6 volunteers for each game. The more we have the more opportunities to have shifts. You can be 16 and over with parent consent. Volunteers will have to take a training via video and complete a volunteer acknowledgement form to participate. Attire: Khaki pants or shorts, nonslip/comfortable shoes, a GGF shirt (We will provide), and a GGF Hat (We will provide).","FredNats Baseball Stadium, 42 Jackie Robinson Way, FXBG, VA 22401",8
77,"Fredericksburg Nationals",FredNats,6/5/2025,17:30,21:30,"Gwyneth&amp;amp;#039;s Gift Foundation needs volunteers to help us with a concession stand at the FredNats Home Games on Thursday&amp;amp;#039;s. We run the concession stand which includes ringing up food and beverages. A percentage of the food sales and tips goes back to our organization. This is a fantastic fundraiser for us that is fun while supporting our cause. We need at least 6 volunteers for each game. The more we have the more opportunities to have shifts. You can be 16 and over with parent consent. Volunteers will have to take a training via video and complete a volunteer acknowledgement form to participate. Attire: Khaki pants or shorts, nonslip/comfortable shoes, a GGF shirt (We will provide), and a GGF Hat (We will provide).","FredNats Baseball Stadium, 42 Jackie Robinson Way, FXBG, VA 22401",2
78,"Fredericksburg Nationals",FredNats,6/26/2025,17:30,21:30,"Gwyneth&#039;s Gift Foundation needs volunteers to help us with a concession stand at the FredNats Home Games on Thursday&#039;s. We run the concession stand which includes ringing up food and beverages. A percentage of the food sales and tips goes back to our organization. This is a fantastic fundraiser for us that is fun while supporting our cause. We need at least 6 volunteers for each game. The more we have the more opportunities to have shifts. You can be 16 and over with parent consent. Volunteers will have to take a training via video and complete a volunteer acknowledgement form to participate. Attire: Khaki pants or shorts, nonslip/comfortable shoes, a GGF shirt (We will provide), and a GGF Hat (We will provide).","FredNats Baseball Stadium, 42 Jackie Robinson Way, FXBG, VA 22401",8
79,"Fredericksburg Nationals",FredNats,7/24/2025,17:30,21:30,"Gwyneth&#039;s Gift Foundation needs volunteers to help us with a concession stand at the FredNats Home Games on Thursday&#039;s. We run the concession stand which includes ringing up food and beverages. A percentage of the food sales and tips goes back to our organization. This is a fantastic fundraiser for us that is fun while supporting our cause. We need at least 6 volunteers for each game. The more we have the more opportunities to have shifts. You can be 16 and over with parent consent. Volunteers will have to take a training via video and complete a volunteer acknowledgement form to participate. Attire: Khaki pants or shorts, nonslip/comfortable shoes, a GGF shirt (We will provide), and a GGF Hat (We will provide).","FredNats Baseball Stadium, 42 Jackie Robinson Way, FXBG, VA 22401",8
80,"Fredericksburg Nationals",FredNats,8/14/2025,17:30,21:30,"Gwyneth&amp;#039;s Gift Foundation needs volunteers to help us with a concession stand at the FredNats Home Games on Thursday&amp;#039;s. We run the concession stand which includes ringing up food and beverages. A percentage of the food sales and tips goes back to our organization. This is a fantastic fundraiser for us that is fun while supporting our cause. We need at least 6 volunteers for each game. The more we have the more opportunities to have shifts. You can be 16 and over with parent consent. Volunteers will have to take a training via video and complete a volunteer acknowledgement form to participate. Attire: Khaki pants or shorts, nonslip/comfortable shoes, a GGF shirt (We will provide), and a GGF Hat (We will provide).","FredNats Baseball Stadium, 42 Jackie Robinson Way, FXBG, VA 22401",3
81,"Fredericksburg Nationals",FredNats,8/21/2025,17:30,21:30,"Gwyneth&#039;s Gift Foundation needs volunteers to help us with a concession stand at the FredNats Home Games on Thursday&#039;s. We run the concession stand which includes ringing up food and beverages. A percentage of the food sales and tips goes back to our organization. This is a fantastic fundraiser for us that is fun while supporting our cause. We need at least 6 volunteers for each game. The more we have the more opportunities to have shifts. You can be 16 and over with parent consent. Volunteers will have to take a training via video and complete a volunteer acknowledgement form to participate. Attire: Khaki pants or shorts, nonslip/comfortable shoes, a GGF shirt (We will provide), and a GGF Hat (We will provide).","FredNats Baseball Stadium, 42 Jackie Robinson Way, FXBG, VA 22401",8
82,"Fredericksburg Nationals",FredNats,9/4/2025,17:30,21:30,"This will be in two shifts! I will reach out to see which shift you are able to do. Gwyneth&amp;amp;amp;#039;s Gift Foundation needs volunteers to help us with a concession stand at the FredNats Home Games on Thursday&amp;amp;amp;#039;s. We run the concession stand which includes ringing up food and beverages. A percentage of the food sales and tips goes back to our organization. This is a fantastic fundraiser for us that is fun while supporting our cause. We need at least 6 volunteers for each game. The more we have the more opportunities to have shifts. You can be 16 and over with parent consent. Volunteers will have to take a training via video and complete a volunteer acknowledgement form to participate. Attire: Khaki pants or shorts, nonslip/comfortable shoes, a GGF shirt (We will provide), and a GGF Hat (We will provide).","FredNats Baseball Stadium, 42 Jackie Robinson Way, FXBG, VA 22401",3
83,"Covenant Funeral Home",Training,2/6/2025,9:30,11:00,"Hands-Only CPR &amp; Training. Volunteers will be needed to set up manikins and kneeling pads. A volunteer will be stationed at the registration tables upon sign in and make sure throughout the training that every participant has registered. Volunteers may be asked to take pictures, help with hand placements during CPR and anything else that is needed. The duration of the training will be an hour. We will need volunteers to also help break down. What to wear: comfortable pants or shorts. You will be provided a volunteer shirt. No Open toed shoes.","10830 Patriot Highway, Fredericksburg, VA, 22408",2
85,"4th Annual Intern Expo (FXBG Convention Center)",Awareness,2/5/2025,8:30,14:30,"4th Annual Intern Expo where high school students from Stafford and Spotsylvania county schools come in and visit vendor booths to learn about opportunities to intern. We use this event to set up a booth and provide information about the programs we have and highlight our Scholarship opportunities. We need 1-2 volunteers throughout the 9-2pm time frame to help with set up, signing in visitors to the booth, pictures, and breakdown.  Lunch provided.","2371 Carl D Silver Pkwy",3
86,"Mom Prom 2025 (FXBG Expo Center) - SET UP HELP Group 1","Mom Prom",4/12/2025,8:30,12:00,"Assist with preparing the event space by arranging tables, chairs, decorations, and signage. Help set up areas/stations, organize materials, be a runner of errands, and ensure everything is ready for the event.","2371 Carl D Silver Pkwy",7
87,"Mom Prom 2025 (FXBG Expo Center) - SET UP HELP Group 2","Mom Prom",4/12/2025,12:00,17:00,"Assist with preparing the event space by arranging tables, chairs, decorations, and signage. Help set up areas/stations, organize materials, be a runner of errands, and ensure everything is ready for the event.","2371 Carl D Silver Pkwy",7
88,"Mom Prom 2025 (FXBG Expo Center) - EVENT VOLUNTEERS","Mom Prom",4/12/2025,16:30,23:30,"We will need volunteers to serve as greeters, registration table, guest assistance, silent auction/raffles, vendor assistance, floater volunteers, throughout the entire event. In addition, we will need these volunteers to assist with the breakdown at the end of event. Consisting of: taking down decorations, packing materials, and ensuring venue is left in excellent condition.","2371 Carl D Silver Pkwy",12
89,"Salon 730 Training",Training,1/24/2025,16:00,18:00,"Hands-Only CPR Training provided to Salon 730 Employees. Location is 730 Kenmore Ave. FXBG, VA 22401. Set up time will start at 4:00pm, with training starting at 4:30pm-5:30pm. We will be out by 6:00pm. Volunteers will be needed to set up manikins and kneeling pads and check people in. We will also need a volunteer to take pictures during the training. The duration of the training will be an hour. We will need volunteers to also help break down. What to wear: comfortable pants or shorts. You will be provided a volunteer shirt. No Open toed shoes.","730 Kenmore Avenue, Fredericksburg VA, 22401",2
90,"ATI High School Training",Training,1/28/2025,10:15,12:30,"This is a new school training. The staff of GGF will need assistance with ensuring students are engaged and properly following instructions. Help readjusting equipment for the training in between sessions. We will have set up starting at 10:15am with first training starting at 10:50am and ending at 12pm with clean up after. If you are only able to help for a certain period of time, please let us know. You will need to bring a state ID when you check into the school.What to wear: comfortable pants or shorts. You will be provided a volunteer shirt if you don&#039;t already have one.. No Open toed shoes.","121 University Blvd, Fredericksburg, VA 22406",5
91,"Holy Family Catholic School Training",Training,1/29/2025,8:30,10:30,"This is a school training. The staff of GGF will need assistance with ensuring students are engaged and properly following instructions. We will also need help with set up, break down and taking pictures during the training. Set up starts at 8:30am, training is from 9am-10am and breakdown is after.   You will need to bring a state ID when you check into the school. What to wear: comfortable pants or shorts. You will be provided a volunteer shirt if you do not already have one. . No Open toed shoes.","14160 Ferndale Rd, Dale City, VA 22193",8
92,"Cubscouts 242 Training",Training,1/27/2025,18:00,19:30,"Hands-Only CPR Training provided to Aquia Harbor Cubscouts Troop 242. Set up time will start at 6:00pm, with training starting at 6:30pm-7:00pm. We will be out by 7:30pm. Volunteers will be needed to set up manikins and kneeling pads and check people in. We will also need a volunteer to take pictures during the training. The duration of the training will be a half hour. We will need volunteers to also help break down. What to wear: comfortable pants or shorts. You will be provided a volunteer shirt if you do not already have one. No Open toed shoes.","204 Bow Cove, Stafford, VA 22554",2
93,"Stafford Soccer Training",Training,3/1/2025,8:00,12:00,"Hands-Only CPR &amp;amp; AED Training provided to Stafford Soccer. Set up time will start at 8:00am, with training starting at 8:30am. This will be done in multiple sessions with people rolling through. It will be flexible timing.  Volunteers will be needed to set up manikins and kneeling pads and check people in. We will also need a volunteer to take pictures during the training.  We will need volunteers to also help break down. If you can only volunteer for a partial time, please let us know. What to wear: comfortable pants or shorts. You will be provided a volunteer shirt if you do not already have one. No Open toed shoes.","101 Hospital Center Blvd, Stafford VA, 22554",3
95,"Herndon Middle School Training",Training,4/23/2025,6:30,14:30,"This is a school 2 day training. The staff of GGF will need assistance with ensuring students are engaged and properly following instructions. Help readjusting equipment for the training in between sessions. The staff will also need help setting up &amp; tearing down. This training is a full day. If you are only able to help for a certain period of time, please let us know. You will need to bring a state ID when you check into the school.What to wear: comfortable pants or shorts. You will be provided a volunteer shirt if you do not already have one. No Open toed shoes.","901 Locust Street, Herndon VA 20170",10
96,"Herndon Middle School Training",Training,4/24/2025,6:30,14:30,"his is a school 2 day training. The staff of GGF will need assistance with ensuring students are engaged and properly following instructions. Help readjusting equipment for the training in between sessions. The staff will also need help setting up &amp; tearing down. This training is a full day. If you are only able to help for a certain period of time, please let us know. You will need to bring a state ID when you check into the school.What to wear: comfortable pants or shorts. You will be provided a volunteer shirt if you do not already have one. No Open toed shoes.","901 Locust Street, Herndon VA 20170",10
97,"St. Leo the Great Training",Training,5/1/2025,8:00,12:00,"This is a school training. The staff of GGF will need assistance with ensuring students are engaged and properly following instructions. Help readjusting equipment for the training in between sessions. The staff will also need help setting up &amp;amp; tearing down. If you are only able to help for a certain period of time, please let us know. You will need to bring a state ID when you check into the school. What to wear: comfortable pants or shorts. You will be provided a volunteer shirt if you do not already have one. No Open toed shoes.","3704 Old Lee Hwy, Fairfax VA 22030",5
98,"Katherine Johnson Middle School",Training,5/5/2025,6:30,14:30,"This is a school 2 day training. The staff of GGF will need assistance with ensuring students are engaged and properly following instructions. Help readjusting equipment for the training in between sessions. The staff will also need help setting up &amp; tearing down. This training is a full day. If you are only able to help for a certain period of time, please let us know. You will need to bring a state ID when you check into the school.What to wear: comfortable pants or shorts. You will be provided a volunteer shirt if you do not already have one. No Open toed shoes.","3801 Jermantown Rd, Fairfax, VA 22030",10
99,"Katherine Johnson Middle School",Training,5/6/2025,6:30,14:30,"This is a school 2 day training. The staff of GGF will need assistance with ensuring students are engaged and properly following instructions. Help readjusting equipment for the training in between sessions. The staff will also need help setting up &amp; tearing down. This training is a full day. If you are only able to help for a certain period of time, please let us know. You will need to bring a state ID when you check into the school.What to wear: comfortable pants or shorts. You will be provided a volunteer shirt if you do not already have one. No Open toed shoes.","3801 Jermantown Rd, Fairfax, VA 22030",10
100,"Stafford County Sherriff&#039;s Summer Junior Deputy Program Training",Training,6/3/2025,12:00,14:00,"Hands-Only CPR &amp; AED Training provided to Stafford County Sherriff&#039;s Junior Deputy Program. Set up time will start at 12:00pm, with training starting at 12:30pm-1:30pm. Volunteers will be needed to set up manikins and kneeling pads and check people in. We will also need a volunteer to take pictures during the training.  We will need volunteers to also help break down. What to wear: comfortable pants or shorts. You will be provided a volunteer shirt if you do not already have one. No Open toed shoes.","1300 Courthouse Rd, Stafford, VA 22554",2
101,"Stafford County Sherriff&#039;s Summer Junior Deputy Program Training",Training,6/10/2025,12:00,14:00,"Hands-Only CPR &amp; AED Training provided to Stafford County Sherriff&#039;s Junior Deputy Program. Set up time will start at 12:00pm, with training starting at 12:30pm-1:30pm. Volunteers will be needed to set up manikins and kneeling pads and check people in. We will also need a volunteer to take pictures during the training.  We will need volunteers to also help break down. What to wear: comfortable pants or shorts. You will be provided a volunteer shirt if you do not already have one. No Open toed shoes.","1300 Courthouse Rd, Stafford, VA 22554",2
102,"Volunteer Training Zoom",Volunteer,1/22/2025,12:00,13:00,"This is a required Zoom session for all new and returning volunteers that will introduce you to the Foundation, our volunteer guidelines, and key responsibilities. Zoom link will be sent out to those who register.",Zoom,20
103,"Volunteer Training Zoom",Volunteer,2/3/2025,13:00,14:00,"This is a required Zoom session for all new and returning volunteers that will introduce you to the Foundation, our volunteer guidelines, and key responsibilities. Zoom link will be sent out to those who register.","Join Zoom Meeting https://zoom.us/j/95273273480?pwd=MKWGPbSUakroCstrV23ppz4uDYeS0k.1  Meeting ID: 952 7327 3480 Passcode: Yah0LV",20
104,"Livingston Elementary School Training",Training,1/14/2025,12:15,15:30,"This is a school day training. The staff of GGF will need assistance with ensuring students are engaged and properly following instructions. Help readjusting equipment for the training in between sessions. The staff will also need help setting up &amp; tearing down. This training is a full day. If you are only able to help for a certain period of time, please let us know. You will need to bring a state ID when you check into the school.What to wear: comfortable pants or shorts. You will be provided a volunteer shirt if you do not already have one. No Open toed shoes.","Livingston Elementary School",5
105,"VFW Training",Training,3/15/2025,14:00,16:00,"Hands-Only CPR &amp; Training. Volunteers will be needed to set up manikins and kneeling pads. A volunteer will be stationed at the registration tables upon sign in and make sure throughout the training that every participant has registered. Volunteers may be asked to take pictures, help with hand placements during CPR and anything else that is needed. The duration of the training will be an hour. We will need volunteers to also help break down. What to wear: comfortable pants or shorts. You will be provided a volunteer shirt. No Open toed shoes.","2701 Princess Anne Street, Fredericksburg, VA 22401",2
106,"CyberBytes Foundation",Training,3/24/2025,13:30,15:30,"Hands-Only CPR &amp; Training. Volunteers will be needed to set up manikins and kneeling pads. A volunteer will be stationed at the registration tables upon sign in and make sure throughout the training that every participant has registered. Volunteers may be asked to take pictures, help with hand placements during CPR and anything else that is needed. The duration of the training will be an hour. We will need volunteers to also help break down. What to wear: comfortable pants or shorts. You will be provided a volunteer shirt. No Open toed shoes.","1010 Corporate Dr. Suite 103",2
107,"Cyber Bytes Foundation",Training,3/25/2025,13:30,15:30,"Hands-Only CPR &amp; Training. Volunteers will be needed to set up manikins and kneeling pads. A volunteer will be stationed at the registration tables upon sign in and make sure throughout the training that every participant has registered. Volunteers may be asked to take pictures, help with hand placements during CPR and anything else that is needed. The duration of the training will be an hour. We will need volunteers to also help break down. What to wear: comfortable pants or shorts. You will be provided a volunteer shirt. No Open toed shoes.","1010 Corporate Dr. Suite 103",2
108,"Massad YMCA Summer Camp Training",Training,7/10/2025,8:30,11:30,"Hands-Only CPR &amp; AED Training provided to the Massad YMCA Summer Camp. This will be done in 3 sessions. Set up time will start at 8:30am, with training starting at 9:00am until 11:30am. Volunteers will be needed to set up manikins and kneeling pads and reset them for each session. We will also need a volunteer to take pictures during the training.  We will need volunteers to also help break down. What to wear: comfortable pants or shorts. You will be provided a volunteer shirt if you do not already have one. No Open toed shoes. If you can not stay the whole time, that is fine, just let us know.","212 Butler Rd, Falmouth, VA 22405",5
109,"SCPS Health and Wellness Fair 2025",Awareness,2/1/2025,10:00,14:00,"Health and Wellness Fair. We will have a booth with table to bring awareness about the things we offer as a Foundation. We need one to two volunteers to help us set up at 10am and man the table during the 10-2pm period.  Attire: Gwyneth&amp;#039;s Gift Volunteer Shirt, Gwyneth&amp;#039;s Gift Hat,  pants/shorts no holes, and comfortable shoes. If you do not have a shirt or hat, one will be proivded to you at the event.","Colonial Forge High School, GYM area, 550 Courthouse Rd, Stafford, VA 22554",2
111,"USA Ninja Challenge Stafford Summer Camp Training",Training,8/1/2025,11:45,14:00,"This is a school 2 session training. The staff of GGF will need assistance with ensuring children are engaged and properly following instructions. Help readjusting equipment for the training in between sessions. The staff will also need help setting up &amp; tearing down. This training is longer than normal. If you are only able to help for a certain period of time, please let us know. What to wear: comfortable pants or shorts. You will be provided a volunteer shirt if you do not already have one. No Open toed shoes.","650 Corporate Dr. Suite 185, Stafford, VA 22554",5
112,"Volunteer Training Zoom",Volunteer,2/25/2025,14:30,15:00,"This is a required Zoom session for all new and returning volunteers that will introduce you to the Foundation, our volunteer guidelines, and key responsibilities. Zoom link will be sent out to those who register.","Join Zoom Meeting https://zoom.us/j/95273273480?pwd=MKWGPbSUakroCstrV23ppz4uDYeS0k.1  Meeting ID: 952 7327 3480 Passcode: Yah0LV",20
114,"St. Mary&#039;s Training",Training,4/6/2025,12:30,14:00,"Hands-Only CPR &amp; Training. Volunteers will be needed to set up manikins and kneeling pads. A volunteer will be stationed at the registration tables upon sign in and make sure throughout the training that every participant has registered. Volunteers may be asked to take pictures, help with hand placements during CPR and anything else that is needed. The duration of the training will be an hour. We will need volunteers to also help break down. What to wear: comfortable pants or shorts. You will be provided a volunteer shirt. No Open toed shoes.","10306 Ladysmith Rd, Ruther Glen. VA 22546",1
115,"FXBG SPCA Training",Training,5/20/2025,12:30,14:00,"Hands-Only CPR &amp; Training. Volunteers will be needed to set up manikins and kneeling pads. A volunteer will be stationed at the registration tables upon sign in and make sure throughout the training that every participant has registered. Volunteers may be asked to take pictures, help with hand placements during CPR and anything else that is needed. The duration of the training will be an hour. We will need volunteers to also help break down. What to wear: comfortable pants or shorts. You will be provided a volunteer shirt. No Open toed shoes.","10819 Courthouse Rd, Fredericksburg, VA 22408",1
116,"Timber Ridge Apartments Training",Training,6/12/2025,15:30,17:00,"Hands-Only CPR &amp; Training. Volunteers will be needed to set up manikins and kneeling pads. A volunteer will be stationed at the registration tables upon sign in and make sure throughout the training that every participant has registered. Volunteers may be asked to take pictures, help with hand placements during CPR and anything else that is needed. The duration of the training will be an hour. We will need volunteers to also help break down. What to wear: comfortable pants or shorts. You will be provided a volunteer shirt. No Open toed shoes.","3500 Goldenfield Ln, Fredericksburg, VA 22408",1
117,"Premier Athletics Stafford Training",Training,5/10/2025,9:30,11:00,"Hands-Only CPR &amp; Training. Volunteers will be needed to set up manikins and kneeling pads. A volunteer will be stationed at the registration tables upon sign in and make sure throughout the training that every participant has registered. Volunteers may be asked to take pictures, help with hand placements during CPR and anything else that is needed. The duration of the training will be an hour. We will need volunteers to also help break down. What to wear: comfortable pants or shorts. You will be provided a volunteer shirt. No Open toed shoes.","2773 Richmond Hwy, Ste 105, Stafford, VA 22554",2
118,"Fit Body Boot Camp Training",Training,2/27/2025,9:30,11:00,"Hands-Only CPR &amp; Training. Volunteers will be needed to set up manikins and kneeling pads. A volunteer will be stationed at the registration tables upon sign in and make sure throughout the training that every participant has registered. Volunteers may be asked to take pictures, help with hand placements during CPR and anything else that is needed. The duration of the training will be an hour. We will need volunteers to also help break down. What to wear: comfortable pants or shorts. You will be provided a volunteer shirt. No Open toed shoes.","4630 Mine Rd, Fredericksburg, VA 22408",1
119,"Fit Body Boot Camp Training",Training,3/29/2025,9:00,10:30,"Hands-Only CPR &amp; Training. Volunteers will be needed to set up manikins and kneeling pads. A volunteer will be stationed at the registration tables upon sign in and make sure throughout the training that every participant has registered. Volunteers may be asked to take pictures, help with hand placements during CPR and anything else that is needed. The duration of the training will be an hour. We will need volunteers to also help break down. What to wear: comfortable pants or shorts. You will be provided a volunteer shirt. No Open toed shoes.","4630 Mine Rd, Fredericksburg, VA 22408",1
120,"Westin Hotel Training",Training,3/19/2025,9:30,11:00,"Hands-Only CPR &amp; Training. Volunteers will be needed to set up manikins and kneeling pads. A volunteer will be stationed at the registration tables upon sign in and make sure throughout the training that every participant has registered. Volunteers may be asked to take pictures, help with hand placements during CPR and anything else that is needed. The duration of the training will be an hour. We will need volunteers to also help break down. What to wear: comfortable pants or shorts. You will be provided a volunteer shirt. No Open toed shoes.","400 Courthouse Square, Alexandria VA 22314",2
121,"Fit Body Boot Camp Training",Training,3/5/2025,17:30,19:15,"Hands-Only CPR &amp; Training. Volunteers will be needed to set up manikins and kneeling pads. A volunteer will be stationed at the registration tables upon sign in and make sure throughout the training that every participant has registered. Volunteers may be asked to take pictures, help with hand placements during CPR and anything else that is needed. The duration of the training will be an hour. We will need volunteers to also help break down. What to wear: comfortable pants or shorts. You will be provided a volunteer shirt. No Open toed shoes.","4630 Mine Rd, Fredericksburg, VA 22408",1
122,"Volunteer Training Zoom",Volunteer,3/10/2025,13:00,13:30,"This is a required Zoom session for all new and returning volunteers that will introduce you to the Foundation, our volunteer guidelines, and key responsibilities. Zoom link will be sent out to those who register.",https://zoom.us/j/99731810932?pwd=HbObBtaa4yHvNv2IFNOOCMIFG2akW5.1,20
123,"FXBG Roller Hockey Training",Training,8/24/2025,15:30,17:30,"Hands-Only CPR &amp;amp;amp;amp; Training. Volunteers will be needed to set up manikins and kneeling pads. A volunteer will be stationed at the registration tables upon sign in and make sure throughout the training that every participant has registered. Volunteers may be asked to take pictures, help with hand placements during CPR and anything else that is needed. The duration of the training will be an hour. We will need volunteers to also help break down. What to wear: comfortable pants or shorts. You will be provided a volunteer shirt. No Open toed shoes.","1300 Dixon Street, Fredericksburg, VA",2
126,"Volunteer Training Zoom",Volunteer,4/16/2025,16:00,16:30,"This is a required Zoom session for all new and returning volunteers that will introduce you to the Foundation, our volunteer guidelines, and key responsibilities. Zoom link will be sent out to those who register.",https://zoom.us/j/96380261339?pwd=aU9noaxYqYMyRlW1ks1Da3ULwMB5Nl.1,20
127,"Branch Museum of Architecture &amp; Design Training",Training,5/21/2025,9:30,11:00,"Hands-Only CPR &amp; Training. Volunteers will be needed to set up manikins and kneeling pads. A volunteer will be stationed at the registration tables upon sign in and make sure throughout the training that every participant has registered. Volunteers may be asked to take pictures, help with hand placements during CPR and anything else that is needed. The duration of the training will be an hour. We will need volunteers to also help break down. What to wear: comfortable pants or shorts. You will be provided a volunteer shirt. No Open toed shoes.","2501 Monument Ave, Richmond, VA, 23220, US",2
128,"Live Arts Training",Training,6/4/2025,11:30,13:00,"Hands-Only CPR &amp; Training. Volunteers will be needed to set up manikins and kneeling pads. A volunteer will be stationed at the registration tables upon sign in and make sure throughout the training that every participant has registered. Volunteers may be asked to take pictures, help with hand placements during CPR and anything else that is needed. The duration of the training will be an hour. We will need volunteers to also help break down. What to wear: comfortable pants or shorts. You will be provided a volunteer shirt. No Open toed shoes.","123 East Water Street Charlottesville, VA 22902",1
129,"Volunteer Training Zoom",Volunteer,3/27/2025,12:00,12:30,"This is a required Zoom session for all new and returning volunteers that will introduce you to the Foundation, our volunteer guidelines, and key responsibilities. Zoom link will be sent out to those who register.",Zoom,20
130,"Power Scholars Training",Training,6/18/2025,12:00,14:00,"Hands-Only CPR &amp;amp; AED Training provided to Power Scholars Program. Set up time will start at 12:00pm, with training starting at 12:30pm-1:30pm. Volunteers will be needed to set up manikins and kneeling pads. We will also need a volunteer to take pictures during the training.  We will need volunteers to also help break down. What to wear: comfortable pants or shorts. You will be provided a volunteer shirt if you do not already have one. No Open toed shoes.","Widewater Elementary School",5
131,"FrdNats Training","Train FredN",3/26/2025,16:00,16:30,"This is a required Zoom session for all FredNats volunteers to discuss logistical information before the first home game and go over rules and regulations.",https://zoom.us/j/96058435184?pwd=EZoF0U8ltr1FaQI8iJbHZDqEo06K54.1,20
133,"Arsenal Events Training",Training,4/2/2025,14:30,16:00,"Hands-Only CPR &amp; Training. Volunteers will be needed to set up manikins and kneeling pads. A volunteer will be stationed at the registration tables upon sign in and make sure throughout the training that every participant has registered. Volunteers may be asked to take pictures, help with hand placements during CPR and anything else that is needed. The duration of the training will be an hour. We will need volunteers to also help break down. What to wear: comfortable pants or shorts. You will be provided a volunteer shirt. No Open toed shoes.","Central Rappahannock Regional Library- Fxbg Branch. Meeting Room 3",2
135,"Girls on the Run 5K Awareness &amp;amp;amp; Training",Training,5/3/2025,7:00,11:30,"This is an Awareness Event AND Hands-Only CPR &amp;amp;amp; Training. Volunteers will be needed to set up manikins and kneeling pads. A volunteer will be needed to man the awareness table during the run. A volunteer will be stationed at the registration tables upon sign in and make sure throughout the training that every participant has registered. Volunteers may be asked to take pictures, help with hand placements during CPR and anything else that is needed. The duration of the training will be an hour. We will need volunteers to also help break down. What to wear: comfortable pants or shorts. You will be provided a volunteer shirt. No Open toed shoes.","Lenn Park,19206 Edwin Way, Culpeper, VA 22701",1
136,"MFA Studios Training",Training,4/19/2025,14:00,15:30,"Hands-Only CPR &amp; Training. Volunteers will be needed to set up manikins and kneeling pads. A volunteer will be stationed at the registration tables upon sign in and make sure throughout the training that every participant has registered. Volunteers may be asked to take pictures, help with hand placements during CPR and anything else that is needed. The duration of the training will be an hour. We will need volunteers to also help break down. What to wear: comfortable pants or shorts. You will be provided a volunteer shirt. No Open toed shoes.","MFA Studios. 4444 Germana Hwy, Locust Grove, 22508",2
137,"Central Virginia Housing Training",Training,7/23/2025,9:30,11:00,"Hands-Only CPR &amp;amp; Training. Volunteers will be needed to set up manikins and kneeling pads. A volunteer will be stationed at the registration tables upon sign in and make sure throughout the training that every participant has registered. Volunteers may be asked to take pictures, help with hand placements during CPR and anything else that is needed. The duration of the training will be an hour. We will need volunteers to also help break down. What to wear: comfortable pants or shorts. You will be provided a volunteer shirt. No Open toed shoes.","2300 Charles Street, FXBG, 22401",2
138,"Girl Scout Troop",Training,7/12/2025,13:00,14:30,"Hands-Only CPR &amp;amp;amp; Training. Volunteers will be needed to set up manikins and kneeling pads. A volunteer will be stationed at the registration tables upon sign in and make sure throughout the training that every participant has registered. Volunteers may be asked to take pictures, help with hand placements during CPR and anything else that is needed. The duration of the training will be an hour. We will need volunteers to also help break down. What to wear: comfortable pants or shorts. You will be provided a volunteer shirt. No Open toed shoes.",TBD,3
139,"DRC Training",Training,8/26/2025,9:30,11:00,"Hands-Only CPR &amp; Training. Volunteers will be needed to set up manikins and kneeling pads. A volunteer will be stationed at the registration tables upon sign in and make sure throughout the training that every participant has registered. Volunteers may be asked to take pictures, help with hand placements during CPR and anything else that is needed. The duration of the training will be an hour. We will need volunteers to also help break down. What to wear: comfortable pants or shorts. You will be provided a volunteer shirt. No Open toed shoes.","409 Progress Street, FXBG, 22401",2
140,"Artspace Training",Training,10/9/2025,17:30,19:15,"Hands-Only CPR &amp; Training. Volunteers will be needed to set up manikins and kneeling pads. A volunteer will be stationed at the registration tables upon sign in and make sure throughout the training that every participant has registered. Volunteers may be asked to take pictures, help with hand placements during CPR and anything else that is needed. The duration of the training will be an hour. We will need volunteers to also help break down. What to wear: comfortable pants or shorts. You will be provided a volunteer shirt. No Open toed shoes.","Artspace- Richmond",2
141,"Test GGF",TEST,3/28/2025,12:00,13:00,abC,ABV,2
142,"Test GGF",TEST,3/28/2025,12:00,13:00,abC,ABV,2
143,"Shiloh Baptist Church Training",Training,7/15/2025,17:30,19:00,"Hands-Only CPR &amp; Training. Volunteers will be needed to set up manikins and kneeling pads. A volunteer will be stationed at the registration tables upon sign in and make sure throughout the training that every participant has registered. Volunteers may be asked to take pictures, help with hand placements during CPR and anything else that is needed. The duration of the training will be an hour. We will need volunteers to also help break down. What to wear: comfortable pants or shorts. You will be provided a volunteer shirt. No Open toed shoes.","15055 Stevensburg Rd, Brandy Station, VA 22714",2
144,"Silver Collection Training",Training,6/1/2025,15:30,17:00,"Hands-Only CPR &amp; Training. Volunteers will be needed to set up manikins and kneeling pads. A volunteer will be stationed at the registration tables upon sign in and make sure throughout the training that every participant has registered. Volunteers may be asked to take pictures, help with hand placements during CPR and anything else that is needed. The duration of the training will be an hour. We will need volunteers to also help break down. What to wear: comfortable pants or shorts. You will be provided a volunteer shirt. No Open toed shoes.","2200 Carl D. Silver Parkway, Fxbg, VA 22401",2
145,"Germanna Faculty Training- FXBG Campus",Training,6/30/2025,14:30,16:00,"Hands-Only CPR &amp; Training. Volunteers will be needed to set up manikins and kneeling pads. A volunteer will be stationed at the registration tables upon sign in and make sure throughout the training that every participant has registered. Volunteers may be asked to take pictures, help with hand placements during CPR and anything else that is needed. The duration of the training will be an hour. We will need volunteers to also help break down. What to wear: comfortable pants or shorts. You will be provided a volunteer shirt. No Open toed shoes.","10000 Germanna Point Drive, FXBG",2
146,"Germanna Faculty Training- Locust Grove Campus",Training,7/1/2025,14:30,16:00,"Hands-Only CPR &amp; Training. Volunteers will be needed to set up manikins and kneeling pads. A volunteer will be stationed at the registration tables upon sign in and make sure throughout the training that every participant has registered. Volunteers may be asked to take pictures, help with hand placements during CPR and anything else that is needed. The duration of the training will be an hour. We will need volunteers to also help break down. What to wear: comfortable pants or shorts. You will be provided a volunteer shirt. No Open toed shoes.","2130 Germanna Hwy, Locust Grove",2
147,"YMCA Summer Camp Training",Training,7/8/2025,13:00,15:00,"Hands-Only CPR &amp; AED Training provided to YMCA Summer Camp for kids. Set up time will start at 1:00pm, with training starting at 1:30pm-2:30pm. Volunteers will be needed to set up manikins and kneeling pads and handle the kids. We will also need a volunteer to take pictures during the training.  We will need volunteers to also help break down. What to wear: comfortable pants or shorts. You will be provided a volunteer shirt if you do not already have one. No Open toed shoes.","107 Northampton Blvd, Stafford, VA 22554",3
148,"Blue Quartz Winery Training",Training,7/30/2025,12:30,14:00,"Hands-Only CPR &amp;amp; Training. Volunteers will be needed to set up manikins and kneeling pads. A volunteer will be stationed at the registration tables upon sign in and make sure throughout the training that every participant has registered. Volunteers may be asked to take pictures, help with hand placements during CPR and anything else that is needed. The duration of the training will be an hour. We will need volunteers to also help break down. What to wear: comfortable pants or shorts. You will be provided a volunteer shirt. No Open toed shoes.","25852 S F T, Etlan, VA, 22719",1
150,"Volvo Cars of FXBG Training",Training,8/12/2025,9:30,11:00,"Hands-Only CPR &amp;amp; Training. Volunteers will be needed to set up manikins and kneeling pads. A volunteer will be stationed at the registration tables upon sign in and make sure throughout the training that every participant has registered. Volunteers may be asked to take pictures, help with hand placements during CPR and anything else that is needed. The duration of the training will be an hour. We will need volunteers to also help break down. What to wear: comfortable pants or shorts. You will be provided a volunteer shirt. No Open toed shoes.","1001 Noble Way, FXBG 22401",2
151,"55+ Community Training",Training,9/26/2025,14:00,16:00,"Hands-Only CPR &amp;amp; Training. Volunteers will be needed to set up manikins and kneeling pads. A volunteer will be stationed at the registration tables upon sign in and make sure throughout the training that every participant has registered. Volunteers may be asked to take pictures, help with hand placements during CPR and anything else that is needed. The duration of the training will be an hour. We will need volunteers to also help break down. What to wear: comfortable pants or shorts. You will be provided a volunteer shirt. No Open toed shoes.",TBD,2
152,"Pillar Church of Stafford Training",Training,9/6/2025,14:30,16:00,"Hands-Only CPR &amp;amp;amp; Training. Volunteers will be needed to set up manikins and kneeling pads. A volunteer will be stationed at the registration tables upon sign in and make sure throughout the training that every participant has registered. Volunteers may be asked to take pictures, help with hand placements during CPR and anything else that is needed. The duration of the training will be an hour. We will need volunteers to also help break down. What to wear: comfortable pants or shorts. You will be provided a volunteer shirt. No Open toed shoes.","Pillar Church of Stafford",2
153,"VFW Flag Day Training",Training,6/14/2025,15:00,17:00,"Hands-Only CPR &amp;amp; Training. Volunteers will be needed to set up manikins and kneeling pads. A volunteer will be stationed at the registration tables upon sign in and make sure throughout the training that every participant has registered. Volunteers may be asked to take pictures, help with hand placements during CPR and anything else that is needed. The duration of the training will be an hour. We will need volunteers to also help break down. What to wear: comfortable pants or shorts. You will be provided a volunteer shirt. No Open toed shoes.","12496 Harper&#039;s Run Rd Bealton, Va 22712",3
154,"MFA Studios Training",Training,10/11/2025,14:00,15:30,"Hands-Only CPR &amp;amp; Training. Volunteers will be needed to set up manikins and kneeling pads. A volunteer will be stationed at the registration tables upon sign in and make sure throughout the training that every participant has registered. Volunteers may be asked to take pictures, help with hand placements during CPR and anything else that is needed. The duration of the training will be an hour. We will need volunteers to also help break down. What to wear: comfortable pants or shorts. You will be provided a volunteer shirt. No Open toed shoes.","4444 Germanna Hwy, Locust Grove VA",2
155,"Volunteer Training Zoom",Volunteer,4/28/2025,14:00,14:30,"This is a required Zoom session for all new and returning volunteers that will introduce you to the Foundation, our volunteer guidelines, and key responsibilities. Zoom link will be sent out to those who register.",https://us04web.zoom.us/j/77633861847?pwd=jd6qAob51xV2Xcr5vjbqocvqdj8jhq.1,20
156,"Volunteer Training Zoom",Volunteer,5/14/2025,10:30,11:00,"This is a required Zoom session for all new and returning volunteers that will introduce you to the Foundation, our volunteer guidelines, and key responsibilities. Zoom link will be sent out to those who register.",https://us04web.zoom.us/j/75249519432?pwd=ZV3h9s3lMbrL9x6hylWY81sXLa5CwL.1,20
158,"Volunteer Training Zoom",Volunteer,5/19/2025,9:30,10:00,"This is a required Zoom session for all new and returning volunteers that will introduce you to the Foundation, our volunteer guidelines, and key responsibilities. Zoom link will be sent out to those who register.",https://us04web.zoom.us/j/71994994267?pwd=9mmGob1hjzfSaHGTJszxBiJGa90v57.1,20
159,"Mom2Mom Kids Expo Awareness &amp; Training",Awareness/T,5/3/2025,13:00,15:30,"Awareness event","318 S. West Street Culpeper",1
161,"GAD-Youth Workshop Training",Training,7/16/2025,12:00,16:30,"Hands-Only CPR &amp; Training. This session will be given twice in one day. Feel free to choose the times you would be available to volunteer. Volunteers will be needed to set up manikins and kneeling pads. A volunteer will be stationed at the registration tables upon sign in and make sure throughout the training that every participant has registered. Volunteers may be asked to take pictures, help with hand placements during CPR and anything else that is needed. The duration of the training will be an hour. We will need volunteers to also help break down. What to wear: comfortable pants or shorts. You will be provided a volunteer shirt. No Open toed shoes.","11121 Leavells Rd, Fredericksburg, VA 22407",5
162,"Silver Collections Celebrate Training",Training,6/15/2025,15:30,17:00,"Hands-Only CPR &amp; Training. Volunteers will be needed to set up manikins and kneeling pads. A volunteer will be stationed at the registration tables upon sign in and make sure throughout the training that every participant has registered. Volunteers may be asked to take pictures, help with hand placements during CPR and anything else that is needed. The duration of the training will be an hour. We will need volunteers to also help break down. What to wear: comfortable pants or shorts. You will be provided a volunteer shirt. No Open toed shoes.","2530 Celebrate Virginia Pkwy",2
164,"Volunteer Training Zoom",Volunteer,6/2/2025,14:30,15:00,"This is a required Zoom session for all new and returning volunteers that will introduce you to the Foundation, our volunteer guidelines, and key responsibilities. Zoom link will be sent out to those who register.",https://us04web.zoom.us/j/71900892458?pwd=YlrzLx8PniXhzb8eWqs6uoXgkSZPxa.1,10
165,"Volunteer Training Zoom",Volunteer,6/17/2025,12:00,12:30,"This is a required Zoom session for all new and returning volunteers that will introduce you to the Foundation, our volunteer guidelines, and key responsibilities. Zoom link will be sent out to those who register.",https://us04web.zoom.us/j/78845137342?pwd=asbRLtFWPgX7OfCuqakcOFAW1MOQC7.1,10
167,"Caroline Fire &amp; Rescue Camp Training",Training,6/24/2025,9:30,11:00,"Hands-Only CPR &amp; AED Training provided to Caroline County Fire &amp; Rescue Kids camp. Set up time will start at 9:30am, with training starting at 10:00am-11:00am. Volunteers will be needed to set up manikins and kneeling pads and check people in. We will also need a volunteer to take pictures during the training.  We will need volunteers to also help break down. What to wear: comfortable pants or shorts. You will be provided a volunteer shirt if you do not already have one. No Open toed shoes.","17202 Richmond Turnpike, Milford, VA 22541",2
168,"James Munroe Museum Training",Training,6/26/2025,9:30,11:00,"Hands-Only CPR &amp; Training. Volunteers will be needed to set up manikins and kneeling pads. A volunteer will be stationed at the registration tables upon sign in and make sure throughout the training that every participant has registered. Volunteers may be asked to take pictures, help with hand placements during CPR and anything else that is needed. The duration of the training will be an hour. We will need volunteers to also help break down. What to wear: comfortable pants or shorts. You will be provided a volunteer shirt. No Open toed shoes.","224 Washington Street, Falmouth, VA 22405",1
169,"Ron Rosner YMCA Kids Camp",Training,7/29/2025,8:30,11:30,"Hands-Only CPR &amp; AED Training provided to Ron Rosner YMCA Camp. Set up time will start at 8:00am, with training from 9-10am &amp; second group from 10-11am. Volunteers will be needed to set up manikins and kneeling pads and check people in. We will also need a volunteer to take pictures during the training.  We will need volunteers to also help break down. What to wear: comfortable pants or shorts. You will be provided a volunteer shirt if you do not already have one. No Open toed shoes.","5700 Smith Station Rd, Fredericksburg, VA 22407",5
170,"FredParent Magazine Training",Training,8/7/2025,8:30,10:30,"Hands-Only CPR &amp; Training. Volunteers will be needed to set up manikins and kneeling pads. A volunteer will be stationed at the registration tables upon sign in and make sure throughout the training that every participant has registered. Volunteers may be asked to take pictures, help with hand placements during CPR and anything else that is needed. The duration of the training will be an hour. We will need volunteers to also help break down. What to wear: comfortable pants or shorts. You will be provided a volunteer shirt. No Open toed shoes.","2217 Princess Anne St. Se 101. Fredericksburg, VA 22401",1
174,"Camp Crime Fighters Training",Training,7/25/2025,9:30,11:30,"Hands-Only CPR &amp; AED Training provided to Camp Crime Fighters. Set up time will start at 9:30am, with training starting at 10:00am-11:00am. Volunteers will be needed to set up manikins and kneeling pads and check people in. We will also need a volunteer to take pictures during the training.  We will need volunteers to also help break down. What to wear: comfortable pants or shorts. You will be provided a volunteer shirt if you do not already have one. No Open toed shoes.","2200 Cowan Blvd. Fxbg",2
175,"Stafford National Night Out",Awareness/T,10/7/2025,16:30,20:30,"Stafford National Night Out. We will need volunteers to help set up/tear down our tents, mannikins, awareness table, etc. Throughout the night, we need volunteers to help keep the awareness table organized and running as the trainers conduct CPR trainings. It is a fun night of connections! Please wear your GGF volunteer shirt, comfortable pants/shorts and closed toe shoes.","1090 Stafford Marketplace, Stafford, VA",5
177,"Volunteer Zoom Training",Volunteer,7/28/2025,14:30,15:00,"This is a required Zoom session for all new and returning volunteers that will introduce you to the Foundation, our volunteer guidelines, and key responsibilities. Zoom link will be sent out to those who register.",https://us04web.zoom.us/j/74389242437?pwd=37Z9d6Ymiy8nOOw6nuw8J29XNb9zav.1,20
178,"Golf Tournament Fawn Lake","Golf Trnmt",10/6/2025,7:00,16:00,"Various volunteer opportunities are available at this full day fundraising event. Positions/duties include: Running the registration table, selling raffle tickets and mulligans, supervising hole competitions, coordinating awards ceremony, set-up/breakdown of breakfast and lunch, and general floating assistance. Food will be provided. All volunteers must attend a virtual volunteer prep meeting before the event. This meeting invite will be in September via Zoom.","Fawn Lake Golf Course,11305 Longstreet Drive, Spotsylvania, VA 22551",20
181,"Whiskey Business Japan - VIP and GENERAL ADMISSION REGISTRATION VOLUNTEERS ONLY","WB Event",9/19/2025,16:00,23:30,"We need volunteers that are 21 and over to assist with welcoming and checking off guest from our lists of attendees. Details are still being determined. You will need to be there by 4:00 pm to receive all the important details to date. Our VIP guests will arrive 15 minutes prior to the 6:00 PM start time. It will be imperative that we are all set up and ready to go. Snacks and dinner will be available for all volunteers. There will be a meeting via zoom that will be required for you to attend to ensure you are prepared for that night. Attire is business attire with comfortable shoes. You must be able to stand for long periods of time.","1707 Princess Anne Street Fredericksburg, VA 22401",10
183,"Whiskey Business Japan - Silent Auction Volunteers ONLY",WBSilentAuc,9/19/2025,16:50,23:30,"We will need 6 volunteers that are 21 and over that will be comfortable with engaging with guests throughout the night looking at the silent auction items. You will help encourage our guests to bid on the items displayed. You will help collect information and secure payment for any of the winning bidders. If you love sales this is the job for you! There will be a meeting in-person/ZOOM that will be required for you to attend to ensure you are prepared for that night. Attire is business attire with comfortable shoes. You must be able to stand for long periods of time.","1707 Princess Anne Street Fredericksburg, VA 22401",6
184,"Girl Scout Troops Training",Training,3/18/2026,17:30,19:00,"Hands-Only CPR Training provided to 65 Girl Scouts. Set up time will start at 5:30pm, with training starting at 6:00pm-7:00pm. We will be out by 7:30pm. Volunteers will be needed to set up manikins and kneeling pads and check people in. We will also need a volunteer to take pictures during the training. We will need volunteers to also help break down. What to wear: comfortable pants or shorts. You will be provided a volunteer shirt if you do not already have one. No Open toed shoes.","161 Embrey Mill Rd, Stafford, VA",5
185,"Bloomia Training",Training,8/14/2025,10:00,11:30,"Hands-Only CPR &amp; Training. This will be a Spanish &amp; English Training.  Volunteers will be needed to set up manikins and kneeling pads. A volunteer will be stationed at the registration tables upon sign in and make sure throughout the training that every participant has registered. Volunteers may be asked to take pictures, help with hand placements during CPR and anything else that is needed. The duration of the training will be an hour. We will need volunteers to also help break down. What to wear: comfortable pants or shorts. You will be provided a volunteer shirt. No Open toed shoes.","2259 Kings Highway, King George, VA",2
186,"Rouse Rally Set Up","Rally Setup",8/8/2025,15:00,18:00,"Volunteers are needed to help set up the annual Pickleball Tournament banners. Time can vary and will not last the whole 3 hours.","Mary Washington Tennis Courts",4
187,"Volunteer Training Zoom",Volunteer,8/11/2025,13:00,13:30,"This is a required Zoom session for all new and returning volunteers that will introduce you to the Foundation, our volunteer guidelines, and key responsibilities. Zoom link will be sent out to those who register.","Link Will be emailed",20
189,"Barley Woods Clubhouse Training",Training,9/10/2025,9:30,11:30,"Hands-Only CPR &amp; Training. Volunteers will be needed to set up manikins and kneeling pads. A volunteer will be stationed at the registration tables upon sign in and make sure throughout the training that every participant has registered. Volunteers may be asked to take pictures, help with hand placements during CPR and anything else that is needed. The duration of the training will be an hour. We will need volunteers to also help break down. What to wear: comfortable pants or shorts. You will be provided a volunteer shirt. No Open toed shoes.","12301 Barley Woods Ave, Fxbg 22407",2
190,"Holy Cross Academy Field Hockey Training",Training,10/17/2025,16:00,17:30,"Hands-Only CPR &amp; Training. Volunteers will be needed to set up manikins and kneeling pads. A volunteer will be stationed at the registration tables upon sign in and make sure throughout the training that every participant has registered. Volunteers may be asked to take pictures, help with hand placements during CPR and anything else that is needed. The duration of the training will be an hour. We will need volunteers to also help break down. What to wear: comfortable pants or shorts. You will be provided a volunteer shirt. No Open toed shoes.","250 Stafford Lakes Pkwy, FXBG",3
191,"National Sporting Museum Training",Training,9/8/2025,13:30,15:30,"Hands-Only CPR &amp; Training. Volunteers will be needed to set up manikins and kneeling pads. A volunteer will be stationed at the registration tables upon sign in and make sure throughout the training that every participant has registered. Volunteers may be asked to take pictures, help with hand placements during CPR and anything else that is needed. The duration of the training will be an hour. We will need volunteers to also help break down. What to wear: comfortable pants or shorts. You will be provided a volunteer shirt. No Open toed shoes.","102 The Plains Rd, Middleburg, VA",1
192,"Hilldrup Training",Training,9/9/2025,11:30,14:00,"Hands-Only CPR &amp; Training. Volunteers will be needed to set up manikins and kneeling pads. A volunteer will be stationed at the registration tables upon sign in and make sure throughout the training that every participant has registered. Volunteers may be asked to take pictures, help with hand placements during CPR and anything else that is needed. The duration of the training will be an hour. We will need volunteers to also help break down. What to wear: comfortable pants or shorts. You will be provided a volunteer shirt. No Open toed shoes.","4022 Richmond Hwy, Stafford",4
193,"Burn Boot Camp Training",Training,10/3/2025,18:15,20:00,"Hands-Only CPR &amp; Training. Volunteers will be needed to set up manikins and kneeling pads. A volunteer will be stationed at the registration tables upon sign in and make sure throughout the training that every participant has registered. Volunteers may be asked to take pictures, help with hand placements during CPR and anything else that is needed. The duration of the training will be an hour. We will need volunteers to also help break down. What to wear: comfortable pants or shorts. You will be provided a volunteer shirt. No Open toed shoes.","10013 Patriot Hwy #105, Fredericksburg, VA 22407",2
194,"Whiskey Business Japan - Event Set Up","Event SetUp",9/19/2025,9:00,16:00,"Assist with preparing the event space by arranging tables, chairs, decorations, and signage. Help set up areas/stations, organize materials, be a runner of errands, and ensure everything is ready for the event.","1707 Princess Anne Street Fredericksburg, VA 22401",15
195,"FredNats Double Header",FredNats,9/4/2025,14:00,17:30,"Gwyneth&#039;s Gift Foundation needs volunteers to help us with a concession stand at the FredNats Home Games on Thursday&#039;s. We run the concession stand which includes ringing up food and beverages. A percentage of the food sales and tips goes back to our organization. This is a fantastic fundraiser for us that is fun while supporting our cause. We need at least 6 volunteers for each game. The more we have the more opportunities to have shifts. You can be 16 and over with parent consent. Volunteers will have to take a training via video and complete a volunteer acknowledgement form to participate. Attire: Khaki pants or shorts, nonslip/comfortable shoes, a GGF shirt (We will provide), and a GGF Hat (We will provide).","FredNats Baseball Stadium, 42 Jackie Robinson Way, FXBG, VA 22401",6
196,"HOSA Brooke Point Training",Training,12/17/2025,14:30,16:30,"Hands-Only CPR &amp; Training. Volunteers will be needed to set up manikins and kneeling pads. A volunteer will be stationed at the registration tables upon sign in and make sure throughout the training that every participant has registered. Volunteers may be asked to take pictures, help with hand placements during CPR and anything else that is needed. The duration of the training will be an hour. We will need volunteers to also help break down. What to wear: comfortable pants or shorts. You will be provided a volunteer shirt. No Open toed shoes.","Brooke Pointe HS",2
197,"Sole Sisters Hiking Training",Training,11/5/2025,9:30,11:30,"Hands-Only CPR &amp; Training. Volunteers will be needed to set up manikins and kneeling pads. A volunteer will be stationed at the registration tables upon sign in and make sure throughout the training that every participant has registered. Volunteers may be asked to take pictures, help with hand placements during CPR and anything else that is needed. The duration of the training will be an hour. We will need volunteers to also help break down. What to wear: comfortable pants or shorts. You will be provided a volunteer shirt. No Open toed shoes.",TBD,2
198,"Fauquier Family Services Training",Training,10/5/2025,14:00,16:00,"Hands-Only CPR &amp; Training. Volunteers will be needed to set up manikins and kneeling pads. A volunteer will be stationed at the registration tables upon sign in and make sure throughout the training that every participant has registered. Volunteers may be asked to take pictures, help with hand placements during CPR and anything else that is needed. The duration of the training will be an hour. We will need volunteers to also help break down. What to wear: comfortable pants or shorts. You will be provided a volunteer shirt. No Open toed shoes.","85 Keith Street, Warrenton, VA",2
199,"Volunteer Training Zoom",Volunteer,9/10/2025,16:00,16:30,"This is a required Zoom session for all new and returning volunteers that will introduce you to the Foundation, our volunteer guidelines, and key responsibilities. Zoom link will be sent out to those who register.",https://us04web.zoom.us/j/71256393305?pwd=9hZuiqg5sdlEj7h0sdOWaBspFdBfnE.1,20
201,"Volunteer Zoom Training",Volunteer,9/15/2025,14:00,14:30,"This is a required Zoom session for all new and returning volunteers that will introduce you to the Foundation, our volunteer guidelines, and key responsibilities. Zoom link will be sent out to those who register.",https://us04web.zoom.us/j/75563888306?pwd=w6YkGEuiDFjrLw655qOR3eGxWWffXY.1,20
202,"Troop 1817 Training",Training,12/9/2025,19:00,21:00,"Hands-Only CPR &amp; Training. Volunteers will be needed to set up manikins and kneeling pads. A volunteer will be stationed at the registration tables upon sign in and make sure throughout the training that every participant has registered. Volunteers may be asked to take pictures, help with hand placements during CPR and anything else that is needed. The duration of the training will be an hour. We will need volunteers to also help break down. What to wear: comfortable pants or shorts. You will be provided a volunteer shirt. No Open toed shoes.","Fairfax American Legion",2
203,"St. John the Evangelist Training",Training,11/18/2025,12:00,15:00,"This is a school day training. The staff of GGF will need assistance with ensuring students are engaged and properly following instructions. Help readjusting equipment for the training in between sessions. The staff will also need help setting up &amp; tearing down. You will need to bring a state ID when you check into the school. What to wear: comfortable pants or shorts. You will be provided a volunteer shirt if you do not already have one. No Open toed shoes.","111 John E. Mann St. Warrenton, VA",5
204,"GOTR Diamond Dash Awareness &amp; Training",Awareness/T,11/2/2025,11:00,17:00,"This is an awareness and training event being held at FredNats Stadium during the Girls on the Run Diamond Dash. We are looking for volunteers to run our awareness table plus help us out with two trainings this day for runners. Shifts are available, please do not worry about not being able to stay the whole time. Set up will be 11am and breakdown will be at 5:00pm if not earlier. Trainer helpers will not be needed until 12:00pm and will be free after 3:00pm. Please wear your GGF Volunteer Shirts, comfortable pants and closed toe shoes.","FredNats Baseball Stadium, 42 Jackie Robinson Way, FXBG, VA 22401",20
205,"Art of Aging Expo Culpeper",Awareness,10/14/2025,8:30,13:30,"Awareness event","Culpeper County Fieldhouse",1
206,"Carl Sandburg Middle School Training Day 1",Training,11/13/2025,6:30,9:30,"This is a school day training. The staff of GGF will need assistance with ensuring students are engaged and properly following instructions. The staff will also need help setting up &amp; tearing down. If you are only able to help for a certain period of time, please let us know. You will need to bring a state ID when you check into the school. What to wear: comfortable pants or shorts. You will be provided a volunteer shirt if you do not already have one. No Open toed shoes.","8428 Fort Hunt Rd, Alexandria, VA 22308",5
207,"Carl Sandburg Middle School Training Day 2",Training,11/14/2025,10:30,13:00,"This is a school day training. The staff of GGF will need assistance with ensuring students are engaged and properly following instructions. The staff will also need help setting up &amp; tearing down. If you are only able to help for a certain period of time, please let us know. You will need to bring a state ID when you check into the school. What to wear: comfortable pants or shorts. You will be provided a volunteer shirt if you do not already have one. No Open toed shoes.","8428 Fort Hunt Rd, Alexandria, VA 22308",5
209,"Sole Sisters Hiking Training",Training,1/14/2026,9:30,11:30,"Hands-Only CPR &amp; Training. Volunteers will be needed to set up manikins and kneeling pads. A volunteer will be stationed at the registration tables upon sign in and make sure throughout the training that every participant has registered. Volunteers may be asked to take pictures, help with hand placements during CPR and anything else that is needed. The duration of the training will be an hour. We will need volunteers to also help break down. What to wear: comfortable pants or shorts. You will be provided a volunteer shirt. No Open toed shoes.","UMW Tennis Courts",2
210,"Fit20 USA Training",Training,1/16/2026,12:30,14:30,"Hands-Only CPR &amp; Training. Volunteers will be needed to set up manikins and kneeling pads. A volunteer will be stationed at the registration tables upon sign in and make sure throughout the training that every participant has registered. Volunteers may be asked to take pictures, help with hand placements during CPR and anything else that is needed. The duration of the training will be an hour. We will need volunteers to also help break down. What to wear: comfortable pants or shorts. You will be provided a volunteer shirt. No Open toed shoes.","1000 Winchester St, Ste 201, Fxbg, VA 22401",2
211,"Livingston Elementary School Training",Training,1/23/2026,8:00,13:00,"This is a school  training with two sessions. The staff of GGF will need assistance with ensuring students are engaged and properly following instructions. Help readjusting equipment for the training in between sessions. The staff will also need help setting up &amp;amp; tearing down. If you are only able to help for a certain period of time, please let us know. You will need to bring a state ID when you check into the school.What to wear: comfortable pants or shorts. You will be provided a volunteer shirt if you do not already have one. No Open toed shoes.","6057 Courthouse Rd, Spotsylvania, VA 22551",10
212,"Cubscouts 242 Training",Training,1/26/2026,18:00,20:00,"Hands-Only CPR &amp; Training. Volunteers will be needed to set up manikins and kneeling pads. A volunteer will be stationed at the registration tables upon sign in and make sure throughout the training that every participant has registered. Volunteers may be asked to take pictures, help with hand placements during CPR and anything else that is needed. The duration of the training will be an hour. We will need volunteers to also help break down. What to wear: comfortable pants or shorts. You will be provided a volunteer shirt. No Open toed shoes.","204 Bow Cove, Stafford, VA 22554",2
213,"Holy Family Catholic School Training",Training,1/28/2026,8:30,10:30,"This is a school training. The staff of GGF will need assistance with ensuring students are engaged and properly following instructions. The staff will also need help setting up &amp; tearing down.  You will need to bring a state ID when you check into the school. What to wear: comfortable pants or shorts. You will be provided a volunteer shirt if you do not already have one. No Open toed shoes.","14160 Ferndale Rd, Woodbridge, VA 22193",10
214,"Claxton Logistics Training",Training,1/30/2026,9:30,11:30,"Hands-Only CPR &amp; Training. Volunteers will be needed to set up manikins and kneeling pads. A volunteer will be stationed at the registration tables upon sign in and make sure throughout the training that every participant has registered. Volunteers may be asked to take pictures, help with hand placements during CPR and anything else that is needed. The duration of the training will be an hour. We will need volunteers to also help break down. What to wear: comfortable pants or shorts. You will be provided a volunteer shirt. No Open toed shoes.","400 Corporate Dr Ste 201, Stafford VA, 22554",2
215,"Xcelerate Solutions Training",Training,2/5/2026,15:30,17:30,"Hands-Only CPR &amp; Training. Volunteers will be needed to set up manikins and kneeling pads. A volunteer will be stationed at the registration tables upon sign in and make sure throughout the training that every participant has registered. Volunteers may be asked to take pictures, help with hand placements during CPR and anything else that is needed. The duration of the training will be an hour. We will need volunteers to also help break down. What to wear: comfortable pants or shorts. You will be provided a volunteer shirt. No Open toed shoes.","8405 Greensboro Dr, STE 500, McLean, VA 22102",3
216,"Faith Madding NOVA Training in Fairfax VA",Training,2/7/2026,8:00,10:00,"Hands-Only CPR &amp; Training. Volunteers will be needed to set up manikins and kneeling pads. A volunteer will be stationed at the registration tables upon sign in and make sure throughout the training that every participant has registered. Volunteers may be asked to take pictures, help with hand placements during CPR and anything else that is needed. The duration of the training will be an hour. We will need volunteers to also help break down. What to wear: comfortable pants or shorts. You will be provided a volunteer shirt. No Open toed shoes.",TBD,2
217,"Brooke Point HS Young Women in Medicine",Training,2/9/2026,13:45,15:45,"Hands-Only CPR &amp; Training. Volunteers will be needed to set up manikins and kneeling pads. A volunteer will be stationed at the registration tables upon sign in and make sure throughout the training that every participant has registered. Volunteers may be asked to take pictures, help with hand placements during CPR and anything else that is needed. The duration of the training will be an hour. We will need volunteers to also help break down. What to wear: comfortable pants or shorts. You will be provided a volunteer shirt. No Open toed shoes.","1700 Courthouse Rd, Stafford, VA 22554",2
218,"Insight Pysch Services Training",Training,2/12/2026,11:30,13:30,"Hands-Only CPR &amp; Training. Volunteers will be needed to set up manikins and kneeling pads. A volunteer will be stationed at the registration tables upon sign in and make sure throughout the training that every participant has registered. Volunteers may be asked to take pictures, help with hand placements during CPR and anything else that is needed. The duration of the training will be an hour. We will need volunteers to also help break down. What to wear: comfortable pants or shorts. You will be provided a volunteer shirt. No Open toed shoes.","2126 Richmond Hwy, Ste 103, Stafford, VA 22554",1
219,"ATI High School Training",Training,2/19/2026,12:00,14:00,"This is a school training. The staff of GGF will need assistance with ensuring students are engaged and properly following instructions The staff will also need help setting up &amp; tearing down. You will need to bring a state ID when you check into the school. What to wear: comfortable pants or shorts. You will be provided a volunteer shirt if you do not already have one. No Open toed shoes.","121 University Blvd, Fredericksburg, VA 22406",5
220,"GDIT Training",Training,2/24/2026,15:30,17:30,"Hands-Only CPR &amp; Training. Volunteers will be needed to set up manikins and kneeling pads. A volunteer will be stationed at the registration tables upon sign in and make sure throughout the training that every participant has registered. Volunteers may be asked to take pictures, help with hand placements during CPR and anything else that is needed. The duration of the training will be an hour. We will need volunteers to also help break down. What to wear: comfortable pants or shorts. You will be provided a volunteer shirt. No Open toed shoes.","3150 Fairview Park Dr, Falls Church, VA 22042",2
221,"Covenant Funeral Home Training",Training,2/26/2026,9:00,11:00,"Hands-Only CPR &amp; Training. Volunteers will be needed to set up manikins and kneeling pads. A volunteer will be stationed at the registration tables upon sign in and make sure throughout the training that every participant has registered. Volunteers may be asked to take pictures, help with hand placements during CPR and anything else that is needed. The duration of the training will be an hour. We will need volunteers to also help break down. What to wear: comfortable pants or shorts. You will be provided a volunteer shirt. No Open toed shoes.","10830 Patriot Highway, Fredericksburg, VA, 22408",1
222,"Keller Williams Training in DC",Training,2/28/2026,10:30,12:30,"Hands-Only CPR &amp;amp; Training. Volunteers will be needed to set up manikins and kneeling pads. A volunteer will be stationed at the registration tables upon sign in and make sure throughout the training that every participant has registered. Volunteers may be asked to take pictures, help with hand placements during CPR and anything else that is needed. The duration of the training will be an hour. We will need volunteers to also help break down. What to wear: comfortable pants or shorts. You will be provided a volunteer shirt. No Open toed shoes.","500 N St SW, Washington, DC 20024 (You can drive yourself or ride with us)",3
223,"Longfellow Middle School Training",Training,3/3/2026,6:30,14:30,"This is a school 2 day training. The staff of GGF will need assistance with ensuring students are engaged and properly following instructions. Help readjusting equipment for the training in between sessions. The staff will also need help setting up &amp; tearing down. This training is a full day. If you are only able to help for a certain period of time, please let us know. You will need to bring a state ID when you check into the school.What to wear: comfortable pants or shorts. You will be provided a volunteer shirt if you do not already have one. No Open toed shoes.","2000 Westmoreland St, Falls Church, VA 22043",20
224,"Longfellow Middle School Training",Training,3/4/2026,6:30,14:30,"This is a school 2 day training. The staff of GGF will need assistance with ensuring students are engaged and properly following instructions. Help readjusting equipment for the training in between sessions. The staff will also need help setting up &amp; tearing down. This training is a full day. If you are only able to help for a certain period of time, please let us know. You will need to bring a state ID when you check into the school.What to wear: comfortable pants or shorts. You will be provided a volunteer shirt if you do not already have one. No Open toed shoes.","2000 Westmoreland St, Falls Church, VA 22043",20
225,"St. James School",Training,3/6/2026,7:00,12:00,"This is a school day training. There will be 2 sessions. The staff of GGF will need assistance with ensuring students are engaged and properly following instructions. Help readjusting equipment for the training in between sessions. The staff will also need help setting up &amp; tearing down. If you are only able to help for a certain period of time, please let us know. You will need to bring a state ID when you check into the school.What to wear: comfortable pants or shorts. You will be provided a volunteer shirt if you do not already have one. No Open toed shoes.","830 W Broad Street, Falls Church, VA 22406",10
226,"Herndon Middle School Training",Training,3/25/2026,7:00,14:30,"This is a school 2 day training. The staff of GGF will need assistance with ensuring students are engaged and properly following instructions. Help readjusting equipment for the training in between sessions. The staff will also need help setting up &amp; tearing down. This training is a full day. If you are only able to help for a certain period of time, please let us know. You will need to bring a state ID when you check into the school.What to wear: comfortable pants or shorts. You will be provided a volunteer shirt if you do not already have one. No Open toed shoes.","901 Locust Street, Herndon VA 20170",20
227,"Herndon Middle School Training",Training,3/26/2026,7:00,14:30,"This is a school 2 day training. The staff of GGF will need assistance with ensuring students are engaged and properly following instructions. Help readjusting equipment for the training in between sessions. The staff will also need help setting up &amp; tearing down. This training is a full day. If you are only able to help for a certain period of time, please let us know. You will need to bring a state ID when you check into the school.What to wear: comfortable pants or shorts. You will be provided a volunteer shirt if you do not already have one. No Open toed shoes.","901 Locust Street, Herndon VA 20170",20
228,"Tenants &amp; Workers United Training",Training,4/20/2026,12:30,14:30,"Hands-Only CPR &amp; Training. This is a bilingual training. Spanish Speakers welcome. Volunteers will be needed to set up manikins and kneeling pads. A volunteer will be stationed at the registration tables upon sign in and make sure throughout the training that every participant has registered. Volunteers may be asked to take pictures, help with hand placements during CPR and anything else that is needed. The duration of the training will be an hour. We will need volunteers to also help break down. What to wear: comfortable pants or shorts. You will be provided a volunteer shirt. No Open toed shoes.","3801 Mt. Vernon Ave, Alexandria, VA 22305",3
229,"St. Leo the Great Training",Training,4/21/2026,8:30,10:30,"This is a school training. The staff of GGF will need assistance with ensuring students are engaged and properly following instructions.  The staff will also need help setting up &amp; tearing down.  You will need to bring a state ID when you check into the school. What to wear: comfortable pants or shorts. You will be provided a volunteer shirt if you do not already have one. No Open toed shoes.","3704 Old Lee Hwy, Fairfax VA 22030",10
230,"Katherine Johnson Middle School",Training,5/28/2026,7:30,14:30,"This is a school 2 day training. The staff of GGF will need assistance with ensuring students are engaged and properly following instructions. Help readjusting equipment for the training in between sessions. The staff will also need help setting up &amp; tearing down. This training is a full day. If you are only able to help for a certain period of time, please let us know. You will need to bring a state ID when you check into the school.What to wear: comfortable pants or shorts. You will be provided a volunteer shirt if you do not already have one. No Open toed shoes.","3801 Jermantown Rd, Fairfax, VA 22030",20
231,"Katherine Johnson Middle School",Training,5/29/2026,7:30,14:30,"This is a school 2 day training. The staff of GGF will need assistance with ensuring students are engaged and properly following instructions. Help readjusting equipment for the training in between sessions. The staff will also need help setting up &amp; tearing down. This training is a full day. If you are only able to help for a certain period of time, please let us know. You will need to bring a state ID when you check into the school.What to wear: comfortable pants or shorts. You will be provided a volunteer shirt if you do not already have one. No Open toed shoes.","3801 Jermantown Rd, Fairfax, VA 22030",20
232,"Brock Road Elementary School Training",Training,3/16/2026,8:00,13:00,"This is a 3 day school training. The staff of GGF will need assistance with ensuring students are engaged and properly following instructions. Help readjusting equipment for the training in between sessions. The staff will also need help setting up &amp; tearing down. This training is a full day. If you are only able to help for a certain period of time, please let us know. You will need to bring a state ID when you check into the school.What to wear: comfortable pants or shorts. You will be provided a volunteer shirt if you do not already have one. No Open toed shoes.","10207 Brock Rd, Spotsylvania, VA 22553",20
233,"Brock Road Elementary School Training",Training,3/17/2026,8:00,13:00,"This is a school 3 day training. The staff of GGF will need assistance with ensuring students are engaged and properly following instructions. Help readjusting equipment for the training in between sessions. The staff will also need help setting up &amp; tearing down. This training is a full day. If you are only able to help for a certain period of time, please let us know. You will need to bring a state ID when you check into the school.What to wear: comfortable pants or shorts. You will be provided a volunteer shirt if you do not already have one. No Open toed shoes.","10207 Brock Rd, Spotsylvania, VA 22553",10
234,"Brock Road Elementary School Training",Training,3/18/2026,8:00,13:00,"This is a school 3 day training. The staff of GGF will need assistance with ensuring students are engaged and properly following instructions. Help readjusting equipment for the training in between sessions. The staff will also need help setting up &amp; tearing down. This training is a full day. If you are only able to help for a certain period of time, please let us know. You will need to bring a state ID when you check into the school.What to wear: comfortable pants or shorts. You will be provided a volunteer shirt if you do not already have one. No Open toed shoes.","10207 Brock Rd, Spotsylvania, VA 22553",10
235,"Our Lady of Hope Catholic School Training",Training,3/13/2026,9:45,13:00,"This is a school day training. The staff of GGF will need assistance with ensuring students are engaged and properly following instructions. The staff will also need help setting up &amp; tearing down.  You will need to bring a state ID when you check into the school. What to wear: comfortable pants or shorts. You will be provided a volunteer shirt if you do not already have one. No Open toed shoes.","46633 State Rte 1582, Potomac Falls, VA 20165",5
236,"UMW MLK Service Day",Training,1/24/2026,12:30,15:00,"UMW MLK Service Day. Volunteers needed to set up at 12:30. Training begins at 1:30-2:30pm. Clean Up After. Please wear closed toe shoes and volunteer shirt and comfortable pants.","UMW Campus",3
237,"GOTR Diamond Dash Awareness &amp; Training",Training,11/15/2026,12:00,15:00,"This is an awareness and training event being held at FredNats Stadium during the Girls on the Run Diamond Dash. We are looking for volunteers to run our awareness table plus help us out with two trainings this day for runners. Shifts are available, please do not worry about not being able to stay the whole time. Set up will be 11am and breakdown will be at 5:00pm if not earlier. Trainer helpers will not be needed until 12:00pm and will be free after 3:00pm. Please wear your GGF Volunteer Shirts, comfortable pants and closed toe shoes","FredNats Baseball Stadium, 42 Jackie Robinson Way, FXBG, VA 22401",5
238,"GOTR 5K Training &amp; Awareness",Training,5/2/2026,6:30,9:30,"This is an Awareness Event AND Hands-Only CPR &amp;amp;amp;amp; Training. Volunteers will be needed to set up manikins and kneeling pads. A volunteer will be needed to man the awareness table during the run. A volunteer will be stationed at the registration tables upon sign in and make sure throughout the training that every participant has registered. Volunteers may be asked to take pictures, help with hand placements during CPR and anything else that is needed. The duration of the training will be an hour. We will need volunteers to also help break down. What to wear: comfortable pants or shorts. You will be provided a volunteer shirt. No Open toed shoes.","19206 Edwin Wy, Culpeper, VA",5
239,"Mom Prom 2026 (FXBG Expo Center) - SET UP HELP Group 1",MP2026,4/11/2026,9:00,16:00,"Assist with preparing the event space by arranging tables, chairs, decorations, and signage. Help set up areas/stations, organize materials, be a runner of errands, and ensure everything is ready for the event.","1707 Princess Anne Street Fredericksburg, VA 22401",15
241,"Mom Prom 2026 (FXBG Expo Center) - EVENT VOLUNTEERS",MP2026,4/11/2026,16:00,23:30,"We will need 21 and over female volunteers to serve as greeters, registration table, guest assistance, with our raffle tables, vendor assistance, floater volunteers, throughout the entire event. In addition, we will need these volunteers to assist with the breakdown at the end of event. Consisting of: taking down decorations, packing materials, and ensuring venue is left in excellent condition.  After you sign up, please email veronica@gwynethsgift.org with the area you are interested in volunteering in. Ensure in the subject line you state: MOM PROM 2026 Volunteer.","1707 Princess Anne Street Fredericksburg, VA 22401",20
242,"Mom Prom 2026 (FXBG Expo Center) - SET UP HELP DAY BEFORE EVENT",MP2026,4/10/2026,10:00,16:00,"Assist with preparing the event space by arranging tables, chairs, decorations, and signage. Help set up areas/stations, organize materials, be a runner of errands, and ensure everything is ready for the event.","2371 Carl D Silver Pkwy",15
243,"St. Thomas Aquinas Training",Training,8/14/2026,12:15,14:30,"Hands-Only CPR &amp; Training. Volunteers will be needed to set up manikins and kneeling pads. A volunteer will be stationed at the registration tables upon sign in and make sure throughout the training that every participant has registered. Volunteers may be asked to take pictures, help with hand placements during CPR and anything else that is needed. The duration of the training will be an hour. We will need volunteers to also help break down. What to wear: comfortable pants or shorts. You will be provided a volunteer shirt. No Open toed shoes.","13750 Mary&#039;s Way, Woodbridge, VA 22191",5
244,"Volunteer Training Zoom",Volunteer,1/20/2026,16:00,16:30,"This is a required Zoom session for all new and returning volunteers that will introduce you to the Foundation, our volunteer guidelines, and key responsibilities. Zoom link will be sent out to those who register.","Zoom link will be sent week of",20
245,"Volunteer Training Zoom",Volunteer,2/3/2026,12:00,12:30,"This is a required Zoom session for all new and returning volunteers that will introduce you to the Foundation, our volunteer guidelines, and key responsibilities. Zoom link will be sent out to those who register.",Zoom,20
246,"Spotsy Town Center &amp; Heart Health Event",Train/Aware,2/21/2026,9:00,15:00,"This event will include an awareness table and ongoing trainings in the mall. There will be 20 mannequins set up which will need to be wiped down in between each training and volunteers manning the awareness table as well. Please wear your volunteer shirt and comfortable pants and closed toe shoes. We will work this in shifts- please know you do not need to be there the whole time.","Spotsylvania Towne Center",5
247,"St. Ann School Training",Training,4/16/2026,12:00,15:00,"This is a school day training. The staff of GGF will need assistance with ensuring students are engaged and properly following instructions. Help readjusting equipment for the training in between sessions. The staff will also need help setting up &amp; tearing down. This training is a full day. If you are only able to help for a certain period of time, please let us know. You will need to bring a state ID when you check into the school.What to wear: comfortable pants or shorts. You will be provided a volunteer shirt if you do not already have one. No Open toed shoes.","980 N Frederick St, Arlington, VA",5
248,"Hope4Horses Training",Training,4/18/2026,13:30,15:30,"Hands-Only CPR &amp; Training. Volunteers will be needed to set up manikins and kneeling pads. A volunteer will be stationed at the registration tables upon sign in and make sure throughout the training that every participant has registered. Volunteers may be asked to take pictures, help with hand placements during CPR and anything else that is needed. The duration of the training will be an hour. We will need volunteers to also help break down. What to wear: comfortable pants or shorts. You will be provided a volunteer shirt. No Open toed shoes.",TBD,2
249,"St. Thomas More Cathedral School Training",Training,4/28/2026,12:30,15:30,"This is a school day training. The staff of GGF will need assistance with ensuring students are engaged and properly following instructions. The staff will also need help setting up &amp; tearing down. If you are only able to help for a certain period of time, please let us know. You will need to bring a state ID when you check into the school. What to wear: comfortable pants or shorts. You will be provided a volunteer shirt if you do not already have one. No Open toed shoes.","105 N Thomas St, Arlington, VA",10
250,"Harrison Rd Elementary School Training",Training,5/1/2026,8:30,16:00,"This is a school day training. The staff of GGF will need assistance with ensuring students are engaged and properly following instructions. Help readjusting equipment for the training in between sessions. The staff will also need help setting up &amp; tearing down. This training is a full day. If you are only able to help for a certain period of time, please let us know. You will need to bring a state ID when you check into the school.What to wear: comfortable pants or shorts. You will be provided a volunteer shirt if you do not already have one. No Open toed shoes.","6230 Harrison Rd, Fredericksburg, VA",15
251,"Germanna Faculty Training- FXBG Campus",Training,3/10/2026,14:30,16:30,"Hands-Only CPR &amp; Training. Volunteers will be needed to set up manikins and kneeling pads. A volunteer will be stationed at the registration tables upon sign in and make sure throughout the training that every participant has registered. Volunteers may be asked to take pictures, help with hand placements during CPR and anything else that is needed. The duration of the training will be an hour. We will need volunteers to also help break down. What to wear: comfortable pants or shorts. You will be provided a volunteer shirt. No Open toed shoes.","10000 Germanna Point Drive, FXBG",2
252,"King George Middle School Training",Training,2/17/2026,6:30,15:00,"This is a school day training. The staff of GGF will need assistance with ensuring students are engaged and properly following instructions. Help readjusting equipment for the training in between sessions. The staff will also need help setting up &amp; tearing down. This training is a full day. If you are only able to help for a certain period of time, please let us know. You will need to bring a state ID when you check into the school.What to wear: comfortable pants or shorts. You will be provided a volunteer shirt if you do not already have one. No Open toed shoes.","8246 Dahlgren Rd, King George, VA",5
253,"Whiskey Valor Training",Training,2/20/2026,19:00,21:00,"Hands-Only CPR &amp; Training. Volunteers will be needed to set up manikins and kneeling pads. A volunteer will be stationed at the registration tables upon sign in and make sure throughout the training that every participant has registered. Volunteers may be asked to take pictures, help with hand placements during CPR and anything else that is needed. The duration of the training will be an hour. We will need volunteers to also help break down. What to wear: comfortable pants or shorts. You will be provided a volunteer shirt. No Open toed shoes.","TBD- Fredericksburg or Stafford",2
254,"Sole Sisters Hiking Training",Training,2/6/2026,18:00,20:00,"Hands-Only CPR &amp; Training. Volunteers will be needed to set up manikins and kneeling pads. A volunteer will be stationed at the registration tables upon sign in and make sure throughout the training that every participant has registered. Volunteers may be asked to take pictures, help with hand placements during CPR and anything else that is needed. The duration of the training will be an hour. We will need volunteers to also help break down. What to wear: comfortable pants or shorts. You will be provided a volunteer shirt. No Open toed shoes.","UMW Tennis Courts",2
